{
"meta":{"test_sets":[],"test_metrics":[],"learn_metrics":[{"best_value":"Min","name":"Logloss"}],"launch_mode":"Train","parameters":"","iteration_count":1000,"learn_sets":["learn"],"name":"experiment"},
"iterations":[
{"learn":[0.6219198665],"iteration":0,"passed_time":0.3384039492,"remaining_time":338.0655452},
{"learn":[0.594670959],"iteration":1,"passed_time":0.653530887,"remaining_time":326.1119126},
{"learn":[0.5820178317],"iteration":2,"passed_time":0.9753874682,"remaining_time":324.1537686},
{"learn":[0.5752392275],"iteration":3,"passed_time":1.291990632,"remaining_time":321.7056673},
{"learn":[0.5722499128],"iteration":4,"passed_time":1.610317822,"remaining_time":320.4532466},
{"learn":[0.5701604838],"iteration":5,"passed_time":1.918210763,"remaining_time":317.7835831},
{"learn":[0.568739995],"iteration":6,"passed_time":2.192201144,"remaining_time":310.9793909},
{"learn":[0.5675716723],"iteration":7,"passed_time":2.483990819,"remaining_time":308.0148615},
{"learn":[0.5661094519],"iteration":8,"passed_time":2.8183919,"remaining_time":310.3362636},
{"learn":[0.5653035193],"iteration":9,"passed_time":3.126860406,"remaining_time":309.5591802},
{"learn":[0.5648599621],"iteration":10,"passed_time":3.434060069,"remaining_time":308.7532189},
{"learn":[0.5644143195],"iteration":11,"passed_time":3.74913988,"remaining_time":308.6791835},
{"learn":[0.5640444583],"iteration":12,"passed_time":4.074277259,"remaining_time":309.3316657},
{"learn":[0.5637190837],"iteration":13,"passed_time":4.375158504,"remaining_time":308.1361632},
{"learn":[0.5634646449],"iteration":14,"passed_time":4.679883193,"remaining_time":307.3123297},
{"learn":[0.5630937812],"iteration":15,"passed_time":4.994912169,"remaining_time":307.1870984},
{"learn":[0.5628716754],"iteration":16,"passed_time":5.280907321,"remaining_time":305.3606998},
{"learn":[0.5625929046],"iteration":17,"passed_time":5.554621482,"remaining_time":303.0354609},
{"learn":[0.5623560419],"iteration":18,"passed_time":5.858951282,"remaining_time":302.5069056},
{"learn":[0.5621850294],"iteration":19,"passed_time":6.161391172,"remaining_time":301.9081674},
{"learn":[0.5620240177],"iteration":20,"passed_time":6.456262844,"remaining_time":300.984825},
{"learn":[0.5618201062],"iteration":21,"passed_time":6.758317552,"remaining_time":300.4379348},
{"learn":[0.5614122312],"iteration":22,"passed_time":7.067441459,"remaining_time":300.212622},
{"learn":[0.5612747131],"iteration":23,"passed_time":7.381279304,"remaining_time":300.172025},
{"learn":[0.5611571072],"iteration":24,"passed_time":7.664796774,"remaining_time":298.9270742},
{"learn":[0.561025339],"iteration":25,"passed_time":7.981462148,"remaining_time":298.9978512},
{"learn":[0.5608386759],"iteration":26,"passed_time":8.325926672,"remaining_time":300.0417278},
{"learn":[0.5606919568],"iteration":27,"passed_time":8.66347142,"remaining_time":300.7462222},
{"learn":[0.5605280498],"iteration":28,"passed_time":9.040270108,"remaining_time":302.6931819},
{"learn":[0.5603714571],"iteration":29,"passed_time":9.305396428,"remaining_time":300.8744845},
{"learn":[0.5602645443],"iteration":30,"passed_time":9.628490683,"remaining_time":300.967983},
{"learn":[0.5601811228],"iteration":31,"passed_time":9.935194535,"remaining_time":300.5396347},
{"learn":[0.5600562624],"iteration":32,"passed_time":10.24323923,"remaining_time":300.1579496},
{"learn":[0.5599358973],"iteration":33,"passed_time":10.56311465,"remaining_time":300.116728},
{"learn":[0.5598123017],"iteration":34,"passed_time":10.85873464,"remaining_time":299.3908266},
{"learn":[0.5597097622],"iteration":35,"passed_time":11.22198217,"remaining_time":300.4997447},
{"learn":[0.5596211247],"iteration":36,"passed_time":11.56105369,"remaining_time":300.8998567},
{"learn":[0.5595020915],"iteration":37,"passed_time":11.8780069,"remaining_time":300.7011222},
{"learn":[0.5593056833],"iteration":38,"passed_time":12.17762768,"remaining_time":300.069236},
{"learn":[0.559230762],"iteration":39,"passed_time":12.47635463,"remaining_time":299.4325112},
{"learn":[0.5591233175],"iteration":40,"passed_time":12.75393653,"remaining_time":298.3176862},
{"learn":[0.5589959533],"iteration":41,"passed_time":13.10203237,"remaining_time":298.8511192},
{"learn":[0.5589173175],"iteration":42,"passed_time":13.38577793,"remaining_time":297.9113832},
{"learn":[0.5588097503],"iteration":43,"passed_time":13.705241,"remaining_time":297.777509},
{"learn":[0.5587441572],"iteration":44,"passed_time":14.01739344,"remaining_time":297.4802386},
{"learn":[0.5586617837],"iteration":45,"passed_time":14.30248598,"remaining_time":296.6211222},
{"learn":[0.5586041862],"iteration":46,"passed_time":14.62062632,"remaining_time":296.4565295},
{"learn":[0.558533854],"iteration":47,"passed_time":14.93224066,"remaining_time":296.1561065},
{"learn":[0.5584515063],"iteration":48,"passed_time":15.22195601,"remaining_time":295.4302074},
{"learn":[0.5583767723],"iteration":49,"passed_time":15.52316764,"remaining_time":294.9401851},
{"learn":[0.5583122996],"iteration":50,"passed_time":15.8408743,"remaining_time":294.7645042},
{"learn":[0.5582572839],"iteration":51,"passed_time":16.15503037,"remaining_time":294.5186306},
{"learn":[0.5581957185],"iteration":52,"passed_time":16.44529748,"remaining_time":293.8433343},
{"learn":[0.5581367],"iteration":53,"passed_time":16.76925652,"remaining_time":293.772531},
{"learn":[0.5580226241],"iteration":54,"passed_time":17.11533915,"remaining_time":294.0726455},
{"learn":[0.5579331305],"iteration":55,"passed_time":17.45947437,"remaining_time":294.3168537},
{"learn":[0.557843006],"iteration":56,"passed_time":17.75171944,"remaining_time":293.681955},
{"learn":[0.5577843657],"iteration":57,"passed_time":18.05382236,"remaining_time":293.2189769},
{"learn":[0.5577052507],"iteration":58,"passed_time":18.34061054,"remaining_time":292.5171953},
{"learn":[0.557656173],"iteration":59,"passed_time":18.65597603,"remaining_time":292.2769578},
{"learn":[0.5575736708],"iteration":60,"passed_time":18.96933007,"remaining_time":292.003294},
{"learn":[0.5575294013],"iteration":61,"passed_time":19.25412246,"remaining_time":291.2962398},
{"learn":[0.5574580363],"iteration":62,"passed_time":19.57390133,"remaining_time":291.1229452},
{"learn":[0.5574098095],"iteration":63,"passed_time":19.89597763,"remaining_time":290.9786729},
{"learn":[0.5573083693],"iteration":64,"passed_time":20.21045534,"remaining_time":290.7196268},
{"learn":[0.5572501311],"iteration":65,"passed_time":20.56387713,"remaining_time":291.0100188},
{"learn":[0.5572151752],"iteration":66,"passed_time":20.84550544,"remaining_time":290.2814415},
{"learn":[0.5571456247],"iteration":67,"passed_time":21.23226536,"remaining_time":291.0069312},
{"learn":[0.5570716153],"iteration":68,"passed_time":21.51887475,"remaining_time":290.3488752},
{"learn":[0.5569953113],"iteration":69,"passed_time":21.80407908,"remaining_time":289.6827649},
{"learn":[0.5569443251],"iteration":70,"passed_time":22.08967884,"remaining_time":289.0325583},
{"learn":[0.5569085367],"iteration":71,"passed_time":22.38318891,"remaining_time":288.4944349},
{"learn":[0.5568662282],"iteration":72,"passed_time":22.68770576,"remaining_time":288.1027841},
{"learn":[0.5567763598],"iteration":73,"passed_time":23.0047074,"remaining_time":287.8697169},
{"learn":[0.5566878363],"iteration":74,"passed_time":23.30132902,"remaining_time":287.3830579},
{"learn":[0.5566256674],"iteration":75,"passed_time":23.61360351,"remaining_time":287.0917058},
{"learn":[0.5565722653],"iteration":76,"passed_time":23.88086816,"remaining_time":286.2602768},
{"learn":[0.5565187827],"iteration":77,"passed_time":24.16617904,"remaining_time":285.6566291},
{"learn":[0.5564746712],"iteration":78,"passed_time":24.4776902,"remaining_time":285.3664896},
{"learn":[0.5564287733],"iteration":79,"passed_time":24.79424953,"remaining_time":285.1338696},
{"learn":[0.5563730928],"iteration":80,"passed_time":25.07804435,"remaining_time":284.5274414},
{"learn":[0.5562640674],"iteration":81,"passed_time":25.38388062,"remaining_time":284.1756392},
{"learn":[0.5562353044],"iteration":82,"passed_time":25.63982728,"remaining_time":283.2737544},
{"learn":[0.5561945928],"iteration":83,"passed_time":25.94498691,"remaining_time":282.9239048},
{"learn":[0.5560957233],"iteration":84,"passed_time":26.24973918,"remaining_time":282.5707218},
{"learn":[0.5560429043],"iteration":85,"passed_time":26.63491287,"remaining_time":283.0733763},
{"learn":[0.5560083006],"iteration":86,"passed_time":26.925536,"remaining_time":282.5633835},
{"learn":[0.5559626697],"iteration":87,"passed_time":27.25892766,"remaining_time":282.501614},
{"learn":[0.5558990121],"iteration":88,"passed_time":27.59098349,"remaining_time":282.4200669},
{"learn":[0.5558647279],"iteration":89,"passed_time":27.92563337,"remaining_time":282.3591818},
{"learn":[0.5557985172],"iteration":90,"passed_time":28.2556884,"remaining_time":282.2463819},
{"learn":[0.5557520712],"iteration":91,"passed_time":28.5518475,"remaining_time":281.794321},
{"learn":[0.5557013901],"iteration":92,"passed_time":28.87055408,"remaining_time":281.5655113},
{"learn":[0.5556693877],"iteration":93,"passed_time":29.17660011,"remaining_time":281.2127628},
{"learn":[0.5556263829],"iteration":94,"passed_time":29.46875847,"remaining_time":280.7286991},
{"learn":[0.5555416877],"iteration":95,"passed_time":29.80017402,"remaining_time":280.6183053},
{"learn":[0.5554916587],"iteration":96,"passed_time":30.11434675,"remaining_time":280.3428362},
{"learn":[0.5554394055],"iteration":97,"passed_time":30.42551053,"remaining_time":280.0388826},
{"learn":[0.5553785133],"iteration":98,"passed_time":30.76757112,"remaining_time":280.0159756},
{"learn":[0.5553064789],"iteration":99,"passed_time":31.10037031,"remaining_time":279.9033328},
{"learn":[0.5552823654],"iteration":100,"passed_time":31.4200873,"remaining_time":279.669886},
{"learn":[0.5552354221],"iteration":101,"passed_time":31.7246837,"remaining_time":279.3016271},
{"learn":[0.5551748465],"iteration":102,"passed_time":32.05722199,"remaining_time":279.177943},
{"learn":[0.5551316955],"iteration":103,"passed_time":32.34808484,"remaining_time":278.6911925},
{"learn":[0.5550881781],"iteration":104,"passed_time":32.6999317,"remaining_time":278.7279893},
{"learn":[0.5550348254],"iteration":105,"passed_time":33.02353789,"remaining_time":278.5192724},
{"learn":[0.5549848881],"iteration":106,"passed_time":33.3290229,"remaining_time":278.1571725},
{"learn":[0.5549414612],"iteration":107,"passed_time":33.64642047,"remaining_time":277.8945098},
{"learn":[0.554906293],"iteration":108,"passed_time":33.93418616,"remaining_time":277.3886226},
{"learn":[0.5548522934],"iteration":109,"passed_time":34.2517214,"remaining_time":277.127564},
{"learn":[0.5548197219],"iteration":110,"passed_time":34.5703281,"remaining_time":276.8740692},
{"learn":[0.5547990128],"iteration":111,"passed_time":34.83171085,"remaining_time":276.1657075},
{"learn":[0.5547680183],"iteration":112,"passed_time":35.15037489,"remaining_time":275.9148896},
{"learn":[0.5547414814],"iteration":113,"passed_time":35.44197443,"remaining_time":275.4525381},
{"learn":[0.5547038732],"iteration":114,"passed_time":35.71824524,"remaining_time":274.8751916},
{"learn":[0.5546570451],"iteration":115,"passed_time":36.0386658,"remaining_time":274.6394877},
{"learn":[0.5546358214],"iteration":116,"passed_time":36.31112062,"remaining_time":274.0403377},
{"learn":[0.5546225674],"iteration":117,"passed_time":36.58548256,"remaining_time":273.4609798},
{"learn":[0.5545785077],"iteration":118,"passed_time":36.93337618,"remaining_time":273.4311295},
{"learn":[0.5545454324],"iteration":119,"passed_time":37.25929071,"remaining_time":273.2347986},
{"learn":[0.5545113446],"iteration":120,"passed_time":37.56589577,"remaining_time":272.8960527},
{"learn":[0.5544748007],"iteration":121,"passed_time":37.91591943,"remaining_time":272.8703054},
{"learn":[0.5544322335],"iteration":122,"passed_time":38.26110378,"remaining_time":272.8047806},
{"learn":[0.5543873823],"iteration":123,"passed_time":38.56833832,"remaining_time":272.4666481},
{"learn":[0.5543572127],"iteration":124,"passed_time":38.89454966,"remaining_time":272.2618476},
{"learn":[0.5543208185],"iteration":125,"passed_time":39.18820032,"remaining_time":271.8292625},
{"learn":[0.5542779491],"iteration":126,"passed_time":39.491741,"remaining_time":271.4668496},
{"learn":[0.5542397953],"iteration":127,"passed_time":39.77524472,"remaining_time":270.9688547},
{"learn":[0.5541930766],"iteration":128,"passed_time":40.09462446,"remaining_time":270.7164178},
{"learn":[0.55414233],"iteration":129,"passed_time":40.3896793,"remaining_time":270.3001615},
{"learn":[0.5541152069],"iteration":130,"passed_time":40.70099763,"remaining_time":269.9936408},
{"learn":[0.5540900185],"iteration":131,"passed_time":41.01320712,"remaining_time":269.6929074},
{"learn":[0.5540372001],"iteration":132,"passed_time":41.36536491,"remaining_time":269.6524163},
{"learn":[0.5540024493],"iteration":133,"passed_time":41.70488007,"remaining_time":269.5255682},
{"learn":[0.5539681159],"iteration":134,"passed_time":42.04093876,"remaining_time":269.3734224},
{"learn":[0.5539237146],"iteration":135,"passed_time":42.3518574,"remaining_time":269.0588588},
{"learn":[0.5539003029],"iteration":136,"passed_time":42.67200421,"remaining_time":268.802479},
{"learn":[0.553854449],"iteration":137,"passed_time":42.99078475,"remaining_time":268.536641},
{"learn":[0.553804707],"iteration":138,"passed_time":43.29641014,"remaining_time":268.1885549},
{"learn":[0.5537551706],"iteration":139,"passed_time":43.6180185,"remaining_time":267.9392565},
{"learn":[0.5537295912],"iteration":140,"passed_time":43.92656785,"remaining_time":267.6093743},
{"learn":[0.5536990975],"iteration":141,"passed_time":44.25579026,"remaining_time":267.4047045},
{"learn":[0.5536685988],"iteration":142,"passed_time":44.55020917,"remaining_time":266.9897151},
{"learn":[0.5536231944],"iteration":143,"passed_time":44.84888232,"remaining_time":266.6016894},
{"learn":[0.5535944289],"iteration":144,"passed_time":45.13135992,"remaining_time":266.1193981},
{"learn":[0.5535553764],"iteration":145,"passed_time":45.42049007,"remaining_time":265.678757},
{"learn":[0.553517169],"iteration":146,"passed_time":45.7194059,"remaining_time":265.2969608},
{"learn":[0.5534952961],"iteration":147,"passed_time":46.0072505,"remaining_time":264.8525502},
{"learn":[0.5534623509],"iteration":148,"passed_time":46.31560192,"remaining_time":264.527364},
{"learn":[0.5534353388],"iteration":149,"passed_time":46.62786812,"remaining_time":264.224586},
{"learn":[0.5533956609],"iteration":150,"passed_time":46.93736212,"remaining_time":263.9060957},
{"learn":[0.5533442324],"iteration":151,"passed_time":47.29214335,"remaining_time":263.8403787},
{"learn":[0.5532969283],"iteration":152,"passed_time":47.58073473,"remaining_time":263.4044596},
{"learn":[0.5532504618],"iteration":153,"passed_time":47.89961303,"remaining_time":263.1368352},
{"learn":[0.5532150286],"iteration":154,"passed_time":48.20833904,"remaining_time":262.8132032},
{"learn":[0.5531716021],"iteration":155,"passed_time":48.51033354,"remaining_time":262.453343},
{"learn":[0.5531375262],"iteration":156,"passed_time":48.80229626,"remaining_time":262.0403551},
{"learn":[0.553105759],"iteration":157,"passed_time":49.13371606,"remaining_time":261.8391704},
{"learn":[0.5530624568],"iteration":158,"passed_time":49.44031462,"remaining_time":261.5050603},
{"learn":[0.5530206306],"iteration":159,"passed_time":49.75472394,"remaining_time":261.2123007},
{"learn":[0.5529913124],"iteration":160,"passed_time":50.05153648,"remaining_time":260.8275721},
{"learn":[0.5529624167],"iteration":161,"passed_time":50.37138357,"remaining_time":260.5630829},
{"learn":[0.5529077313],"iteration":162,"passed_time":50.73605627,"remaining_time":260.5280926},
{"learn":[0.5528650455],"iteration":163,"passed_time":51.05673372,"remaining_time":260.2648134},
{"learn":[0.5528202609],"iteration":164,"passed_time":51.36722331,"remaining_time":259.9492816},
{"learn":[0.5527890858],"iteration":165,"passed_time":51.67032477,"remaining_time":259.5966919},
{"learn":[0.5527599142],"iteration":166,"passed_time":51.97514221,"remaining_time":259.2532543},
{"learn":[0.5527106194],"iteration":167,"passed_time":52.27924288,"remaining_time":258.9067266},
{"learn":[0.5526823493],"iteration":168,"passed_time":52.58058231,"remaining_time":258.5471236},
{"learn":[0.5526598512],"iteration":169,"passed_time":52.89183142,"remaining_time":258.2365887},
{"learn":[0.552620045],"iteration":170,"passed_time":53.17830863,"remaining_time":257.8059524},
{"learn":[0.5525898724],"iteration":171,"passed_time":53.49637886,"remaining_time":257.5290796},
{"learn":[0.5525602042],"iteration":172,"passed_time":53.80164603,"remaining_time":257.1905275},
{"learn":[0.552535616],"iteration":173,"passed_time":54.10898632,"remaining_time":256.8621994},
{"learn":[0.5524925786],"iteration":174,"passed_time":54.42167833,"remaining_time":256.5593407},
{"learn":[0.5524521589],"iteration":175,"passed_time":54.7239355,"remaining_time":256.2075162},
{"learn":[0.5523953335],"iteration":176,"passed_time":55.01447667,"remaining_time":255.8017757},
{"learn":[0.5523581107],"iteration":177,"passed_time":55.37215289,"remaining_time":255.7073577},
{"learn":[0.5523363473],"iteration":178,"passed_time":55.69015777,"remaining_time":255.4280421},
{"learn":[0.5523150068],"iteration":179,"passed_time":55.94978341,"remaining_time":254.8823467},
{"learn":[0.5522977355],"iteration":180,"passed_time":56.26853054,"remaining_time":254.6073288},
{"learn":[0.5522560439],"iteration":181,"passed_time":56.59124524,"remaining_time":254.3496627},
{"learn":[0.5522296163],"iteration":182,"passed_time":56.88030726,"remaining_time":253.9410439},
{"learn":[0.5522034202],"iteration":183,"passed_time":57.14550171,"remaining_time":253.4278771},
{"learn":[0.5521855841],"iteration":184,"passed_time":57.43999607,"remaining_time":253.0464692},
{"learn":[0.5521390019],"iteration":185,"passed_time":57.75461932,"remaining_time":252.7540867},
{"learn":[0.5521119529],"iteration":186,"passed_time":58.05704996,"remaining_time":252.4084579},
{"learn":[0.5520799351],"iteration":187,"passed_time":58.41216966,"remaining_time":252.2908605},
{"learn":[0.5520454387],"iteration":188,"passed_time":58.72554011,"remaining_time":251.9916033},
{"learn":[0.5520299126],"iteration":189,"passed_time":58.98187912,"remaining_time":251.4490636},
{"learn":[0.5519769511],"iteration":190,"passed_time":59.29561717,"remaining_time":251.1526403},
{"learn":[0.5519365398],"iteration":191,"passed_time":59.61837233,"remaining_time":250.8939836},
{"learn":[0.5519149938],"iteration":192,"passed_time":59.92767841,"remaining_time":250.5784274},
{"learn":[0.551897934],"iteration":193,"passed_time":60.24569442,"remaining_time":250.2991222},
{"learn":[0.5518513374],"iteration":194,"passed_time":60.55214143,"remaining_time":249.9716608},
{"learn":[0.5517945042],"iteration":195,"passed_time":60.86189962,"remaining_time":249.6579964},
{"learn":[0.5517533472],"iteration":196,"passed_time":61.17982437,"remaining_time":249.3776598},
{"learn":[0.5517227911],"iteration":197,"passed_time":61.44386019,"remaining_time":248.878666},
{"learn":[0.5516871235],"iteration":198,"passed_time":61.77792751,"remaining_time":248.6639193},
{"learn":[0.5516604062],"iteration":199,"passed_time":62.0862043,"remaining_time":248.3448172},
{"learn":[0.5516417971],"iteration":200,"passed_time":62.38864698,"remaining_time":248.0026315},
{"learn":[0.5515947215],"iteration":201,"passed_time":62.72149592,"remaining_time":247.7809591},
{"learn":[0.5515488766],"iteration":202,"passed_time":63.01285312,"remaining_time":247.3952903},
{"learn":[0.5515191045],"iteration":203,"passed_time":63.31654414,"remaining_time":247.0586722},
{"learn":[0.5514864408],"iteration":204,"passed_time":63.63973769,"remaining_time":246.7980071},
{"learn":[0.5514522448],"iteration":205,"passed_time":63.92248192,"remaining_time":246.3808284},
{"learn":[0.551408871],"iteration":206,"passed_time":64.21053732,"remaining_time":245.9852951},
{"learn":[0.5513847678],"iteration":207,"passed_time":64.52407036,"remaining_time":245.6878064},
{"learn":[0.5513464655],"iteration":208,"passed_time":64.85800684,"remaining_time":245.4673847},
{"learn":[0.5513158419],"iteration":209,"passed_time":65.13535273,"remaining_time":245.0329936},
{"learn":[0.5512796988],"iteration":210,"passed_time":65.46279316,"remaining_time":244.7874114},
{"learn":[0.5512496581],"iteration":211,"passed_time":65.78777391,"remaining_time":244.5319143},
{"learn":[0.5512142573],"iteration":212,"passed_time":66.08617234,"remaining_time":244.1775476},
{"learn":[0.551166957],"iteration":213,"passed_time":66.3823039,"remaining_time":243.8153779},
{"learn":[0.5511349299],"iteration":214,"passed_time":66.6789311,"remaining_time":243.4556322},
{"learn":[0.5510988446],"iteration":215,"passed_time":66.9684161,"remaining_time":243.0705473},
{"learn":[0.5510704575],"iteration":216,"passed_time":67.28712701,"remaining_time":242.7917993},
{"learn":[0.5510351135],"iteration":217,"passed_time":67.58937023,"remaining_time":242.4536125},
{"learn":[0.5510005367],"iteration":218,"passed_time":67.91826738,"remaining_time":242.2108074},
{"learn":[0.5509748015],"iteration":219,"passed_time":68.21322727,"remaining_time":241.8468967},
{"learn":[0.5509567118],"iteration":220,"passed_time":68.5260692,"remaining_time":241.5466421},
{"learn":[0.5509388117],"iteration":221,"passed_time":68.85555108,"remaining_time":241.3045889},
{"learn":[0.5508976458],"iteration":222,"passed_time":69.21079387,"remaining_time":241.1515105},
{"learn":[0.5508633306],"iteration":223,"passed_time":69.56116284,"remaining_time":240.9797427},
{"learn":[0.5508364213],"iteration":224,"passed_time":69.844374,"remaining_time":240.575066},
{"learn":[0.5508046303],"iteration":225,"passed_time":70.16335609,"remaining_time":240.2939718},
{"learn":[0.5507728346],"iteration":226,"passed_time":70.47287839,"remaining_time":239.9803304},
{"learn":[0.5507328349],"iteration":227,"passed_time":70.78197326,"remaining_time":239.6652779},
{"learn":[0.5507052699],"iteration":228,"passed_time":71.08257741,"remaining_time":239.3216907},
{"learn":[0.5506824227],"iteration":229,"passed_time":71.36382899,"remaining_time":238.9136884},
{"learn":[0.5506456489],"iteration":230,"passed_time":71.64539743,"remaining_time":238.5078382},
{"learn":[0.5506213525],"iteration":231,"passed_time":71.92171423,"remaining_time":238.0856747},
{"learn":[0.5505800493],"iteration":232,"passed_time":72.24104559,"remaining_time":237.8063604},
{"learn":[0.550539345],"iteration":233,"passed_time":72.54073825,"remaining_time":237.4624167},
{"learn":[0.5505022721],"iteration":234,"passed_time":72.84782395,"remaining_time":237.1429163},
{"learn":[0.5504790929],"iteration":235,"passed_time":73.12412596,"remaining_time":236.7238654},
{"learn":[0.550450717],"iteration":236,"passed_time":73.46721189,"remaining_time":236.5210239},
{"learn":[0.5504337386],"iteration":237,"passed_time":73.76146079,"remaining_time":236.1606434},
{"learn":[0.55040531],"iteration":238,"passed_time":74.08018745,"remaining_time":235.8787559},
{"learn":[0.5503706508],"iteration":239,"passed_time":74.3858058,"remaining_time":235.5550517},
{"learn":[0.5503335729],"iteration":240,"passed_time":74.68738437,"remaining_time":235.2187748},
{"learn":[0.5502963919],"iteration":241,"passed_time":74.97226393,"remaining_time":234.8304796},
{"learn":[0.5502629127],"iteration":242,"passed_time":75.28137142,"remaining_time":234.518511},
{"learn":[0.5502265005],"iteration":243,"passed_time":75.58075781,"remaining_time":234.1764463},
{"learn":[0.5502092556],"iteration":244,"passed_time":75.87797837,"remaining_time":233.8280558},
{"learn":[0.5501755759],"iteration":245,"passed_time":76.16054168,"remaining_time":233.4351562},
{"learn":[0.5501583318],"iteration":246,"passed_time":76.48143322,"remaining_time":233.1599968},
{"learn":[0.5501331957],"iteration":247,"passed_time":76.79072951,"remaining_time":232.8493088},
{"learn":[0.550107702],"iteration":248,"passed_time":77.06765859,"remaining_time":232.4410105},
{"learn":[0.5500823951],"iteration":249,"passed_time":77.33411371,"remaining_time":232.0023411},
{"learn":[0.5500521612],"iteration":250,"passed_time":77.64203566,"remaining_time":231.6887837},
{"learn":[0.5500210946],"iteration":251,"passed_time":77.96648122,"remaining_time":231.4243173},
{"learn":[0.5499917916],"iteration":252,"passed_time":78.26880393,"remaining_time":231.0940575},
{"learn":[0.549969805],"iteration":253,"passed_time":78.56682602,"remaining_time":230.7513867},
{"learn":[0.5499566506],"iteration":254,"passed_time":78.87233454,"remaining_time":230.4309382},
{"learn":[0.5499409014],"iteration":255,"passed_time":79.1768513,"remaining_time":230.1077241},
{"learn":[0.5499238058],"iteration":256,"passed_time":79.50077947,"remaining_time":229.8407749},
{"learn":[0.5499097169],"iteration":257,"passed_time":79.81506204,"remaining_time":229.5456435},
{"learn":[0.549889011],"iteration":258,"passed_time":80.13320968,"remaining_time":229.2614223},
{"learn":[0.5498645336],"iteration":259,"passed_time":80.48923287,"remaining_time":229.0847397},
{"learn":[0.5498246797],"iteration":260,"passed_time":80.7964272,"remaining_time":228.768428},
{"learn":[0.549796499],"iteration":261,"passed_time":81.07531786,"remaining_time":228.3724602},
{"learn":[0.5497482573],"iteration":262,"passed_time":81.41530308,"remaining_time":228.148587},
{"learn":[0.5497270087],"iteration":263,"passed_time":81.70555811,"remaining_time":227.7851923},
{"learn":[0.5497055253],"iteration":264,"passed_time":81.99518662,"remaining_time":227.4206119},
{"learn":[0.5496697524],"iteration":265,"passed_time":82.30251978,"remaining_time":227.1054493},
{"learn":[0.549638435],"iteration":266,"passed_time":82.61983081,"remaining_time":226.8177378},
{"learn":[0.5496206527],"iteration":267,"passed_time":82.92445495,"remaining_time":226.4951531},
{"learn":[0.5495915804],"iteration":268,"passed_time":83.18555007,"remaining_time":226.054413},
{"learn":[0.5495582466],"iteration":269,"passed_time":83.50264917,"remaining_time":225.7664218},
{"learn":[0.5495270818],"iteration":270,"passed_time":83.83368395,"remaining_time":225.5157033},
{"learn":[0.5494978475],"iteration":271,"passed_time":84.13493738,"remaining_time":225.1846853},
{"learn":[0.5494806052],"iteration":272,"passed_time":84.45461983,"remaining_time":224.902962},
{"learn":[0.54946175],"iteration":273,"passed_time":84.75283147,"remaining_time":224.5640717},
{"learn":[0.5494398579],"iteration":274,"passed_time":85.08100405,"remaining_time":224.3044652},
{"learn":[0.5494048275],"iteration":275,"passed_time":85.41539447,"remaining_time":224.0606724},
{"learn":[0.5493788897],"iteration":276,"passed_time":85.72263576,"remaining_time":223.7453634},
{"learn":[0.549353052],"iteration":277,"passed_time":86.02337245,"remaining_time":223.4132191},
{"learn":[0.54932715],"iteration":278,"passed_time":86.3047498,"remaining_time":223.031271},
{"learn":[0.5492946136],"iteration":279,"passed_time":86.62087844,"remaining_time":222.7394017},
{"learn":[0.5492580426],"iteration":280,"passed_time":86.97998867,"remaining_time":222.5573376},
{"learn":[0.54924036],"iteration":281,"passed_time":87.26260273,"remaining_time":222.1792509},
{"learn":[0.5492207425],"iteration":282,"passed_time":87.56943396,"remaining_time":221.8631949},
{"learn":[0.5491896226],"iteration":283,"passed_time":87.88530181,"remaining_time":221.5699862},
{"learn":[0.5491573479],"iteration":284,"passed_time":88.19724487,"remaining_time":221.2667722},
{"learn":[0.5491319465],"iteration":285,"passed_time":88.50221653,"remaining_time":220.946093},
{"learn":[0.5491100629],"iteration":286,"passed_time":88.81709875,"remaining_time":220.6501443},
{"learn":[0.5490924004],"iteration":287,"passed_time":89.13396138,"remaining_time":220.3589601},
{"learn":[0.5490508348],"iteration":288,"passed_time":89.43139594,"remaining_time":220.0198011},
{"learn":[0.5490249412],"iteration":289,"passed_time":89.73467133,"remaining_time":219.6952298},
{"learn":[0.5490116431],"iteration":290,"passed_time":90.02489035,"remaining_time":219.338994},
{"learn":[0.5489833292],"iteration":291,"passed_time":90.3177274,"remaining_time":218.9895582},
{"learn":[0.5489640323],"iteration":292,"passed_time":90.66812737,"remaining_time":218.7794063},
{"learn":[0.548929884],"iteration":293,"passed_time":90.97874926,"remaining_time":218.4727788},
{"learn":[0.5489035427],"iteration":294,"passed_time":91.29452968,"remaining_time":218.1784523},
{"learn":[0.5488692635],"iteration":295,"passed_time":91.60233491,"remaining_time":217.8650128},
{"learn":[0.5488500108],"iteration":296,"passed_time":91.91400137,"remaining_time":217.5607507},
{"learn":[0.5488283908],"iteration":297,"passed_time":92.22484039,"remaining_time":217.2544898},
{"learn":[0.5488145418],"iteration":298,"passed_time":92.49868193,"remaining_time":216.8614583},
{"learn":[0.5487878256],"iteration":299,"passed_time":92.77587227,"remaining_time":216.4770353},
{"learn":[0.5487655739],"iteration":300,"passed_time":93.07788381,"remaining_time":216.1509661},
{"learn":[0.5487437787],"iteration":301,"passed_time":93.34749123,"remaining_time":215.7501618},
{"learn":[0.548718021],"iteration":302,"passed_time":93.66425961,"remaining_time":215.4587094},
{"learn":[0.5486988183],"iteration":303,"passed_time":94.01186551,"remaining_time":215.2376921},
{"learn":[0.5486822535],"iteration":304,"passed_time":94.27363632,"remaining_time":214.8202532},
{"learn":[0.5486534553],"iteration":305,"passed_time":94.56338429,"remaining_time":214.4672833},
{"learn":[0.5486298038],"iteration":306,"passed_time":94.91076109,"remaining_time":214.2448125},
{"learn":[0.5486095455],"iteration":307,"passed_time":95.21214265,"remaining_time":213.9181906},
{"learn":[0.5485847527],"iteration":308,"passed_time":95.54116943,"remaining_time":213.6535536},
{"learn":[0.5485598306],"iteration":309,"passed_time":95.85584477,"remaining_time":213.3565577},
{"learn":[0.548543157],"iteration":310,"passed_time":96.15485473,"remaining_time":213.0247425},
{"learn":[0.5485149465],"iteration":311,"passed_time":96.47248869,"remaining_time":212.7342058},
{"learn":[0.5484910344],"iteration":312,"passed_time":96.77083091,"remaining_time":212.4011528},
{"learn":[0.5484716325],"iteration":313,"passed_time":97.07075962,"remaining_time":212.0717869},
{"learn":[0.548447514],"iteration":314,"passed_time":97.36694072,"remaining_time":211.7344584},
{"learn":[0.5484287142],"iteration":315,"passed_time":97.67743651,"remaining_time":211.4283752},
{"learn":[0.5484022311],"iteration":316,"passed_time":97.98155085,"remaining_time":211.1085149},
{"learn":[0.5483825261],"iteration":317,"passed_time":98.31737998,"remaining_time":210.8567709},
{"learn":[0.5483600702],"iteration":318,"passed_time":98.63213132,"remaining_time":210.5595029},
{"learn":[0.5483377885],"iteration":319,"passed_time":98.91463584,"remaining_time":210.1936012},
{"learn":[0.5482985807],"iteration":320,"passed_time":99.26642419,"remaining_time":209.9747727},
{"learn":[0.5482828778],"iteration":321,"passed_time":99.57377611,"remaining_time":209.6615534},
{"learn":[0.5482566289],"iteration":322,"passed_time":99.85119859,"remaining_time":209.2856391},
{"learn":[0.5482345224],"iteration":323,"passed_time":100.12637,"remaining_time":208.9056361},
{"learn":[0.5482190259],"iteration":324,"passed_time":100.4162879,"remaining_time":208.5569057},
{"learn":[0.5482008504],"iteration":325,"passed_time":100.7352228,"remaining_time":208.2685282},
{"learn":[0.548185393],"iteration":326,"passed_time":101.0396613,"remaining_time":207.9501286},
{"learn":[0.5481663027],"iteration":327,"passed_time":101.3491605,"remaining_time":207.6421824},
{"learn":[0.5481458332],"iteration":328,"passed_time":101.6575318,"remaining_time":207.3319266},
{"learn":[0.5481208806],"iteration":329,"passed_time":101.9329847,"remaining_time":206.9548477},
{"learn":[0.5480892858],"iteration":330,"passed_time":102.2240745,"remaining_time":206.6099874},
{"learn":[0.5480465041],"iteration":331,"passed_time":102.5460906,"remaining_time":206.3276764},
{"learn":[0.5480210273],"iteration":332,"passed_time":102.8496972,"remaining_time":206.0082523},
{"learn":[0.5479943662],"iteration":333,"passed_time":103.123727,"remaining_time":205.6299467},
{"learn":[0.5479689837],"iteration":334,"passed_time":103.4322579,"remaining_time":205.3207508},
{"learn":[0.5479337361],"iteration":335,"passed_time":103.7385179,"remaining_time":205.007071},
{"learn":[0.5478907475],"iteration":336,"passed_time":104.0887011,"remaining_time":204.7798483},
{"learn":[0.5478717929],"iteration":337,"passed_time":104.39522,"remaining_time":204.4663776},
{"learn":[0.5478558591],"iteration":338,"passed_time":104.6752184,"remaining_time":204.101237},
{"learn":[0.5478299012],"iteration":339,"passed_time":105.0125134,"remaining_time":203.8478202},
{"learn":[0.5478059633],"iteration":340,"passed_time":105.2881612,"remaining_time":203.4747749},
{"learn":[0.5477839269],"iteration":341,"passed_time":105.5797397,"remaining_time":203.1329495},
{"learn":[0.5477595078],"iteration":342,"passed_time":105.8780373,"remaining_time":202.8042871},
{"learn":[0.5477204719],"iteration":343,"passed_time":106.1871442,"remaining_time":202.4964146},
{"learn":[0.5476939202],"iteration":344,"passed_time":106.4908772,"remaining_time":202.1783322},
{"learn":[0.5476614816],"iteration":345,"passed_time":106.8117887,"remaining_time":201.8928029},
{"learn":[0.5476395672],"iteration":346,"passed_time":107.1344343,"remaining_time":201.6103331},
{"learn":[0.547615983],"iteration":347,"passed_time":107.457823,"remaining_time":201.3290247},
{"learn":[0.5475837107],"iteration":348,"passed_time":107.7500028,"remaining_time":200.9892602},
{"learn":[0.5475486796],"iteration":349,"passed_time":108.0679069,"remaining_time":200.6975414},
{"learn":[0.5475251873],"iteration":350,"passed_time":108.3743026,"remaining_time":200.3843942},
{"learn":[0.5475042397],"iteration":351,"passed_time":108.695687,"remaining_time":200.0988784},
{"learn":[0.5474842187],"iteration":352,"passed_time":109.0240847,"remaining_time":199.8260135},
{"learn":[0.547456927],"iteration":353,"passed_time":109.3525453,"remaining_time":199.5529499},
{"learn":[0.5474340811],"iteration":354,"passed_time":109.6638477,"remaining_time":199.2483994},
{"learn":[0.5474171841],"iteration":355,"passed_time":109.9918349,"remaining_time":198.9739934},
{"learn":[0.5473967585],"iteration":356,"passed_time":110.2879289,"remaining_time":198.6418439},
{"learn":[0.5473548519],"iteration":357,"passed_time":110.6151252,"remaining_time":198.3656715},
{"learn":[0.547342529],"iteration":358,"passed_time":110.9169207,"remaining_time":198.0438613},
{"learn":[0.547317112],"iteration":359,"passed_time":111.210815,"remaining_time":197.7081156},
{"learn":[0.5472854672],"iteration":360,"passed_time":111.5522055,"remaining_time":197.456674},
{"learn":[0.5472760849],"iteration":361,"passed_time":111.8154528,"remaining_time":197.0670136},
{"learn":[0.547260911],"iteration":362,"passed_time":112.1159537,"remaining_time":196.7434228},
{"learn":[0.5472443439],"iteration":363,"passed_time":112.4171167,"remaining_time":196.421116},
{"learn":[0.5472246181],"iteration":364,"passed_time":112.7306927,"remaining_time":196.1205201},
{"learn":[0.547215595],"iteration":365,"passed_time":113.0005997,"remaining_time":195.7442083},
{"learn":[0.5471968785],"iteration":366,"passed_time":113.3242211,"remaining_time":195.4611225},
{"learn":[0.5471843558],"iteration":367,"passed_time":113.62209,"remaining_time":195.1335894},
{"learn":[0.5471669713],"iteration":368,"passed_time":113.9204725,"remaining_time":194.8070953},
{"learn":[0.5471320074],"iteration":369,"passed_time":114.2397037,"remaining_time":194.5162523},
{"learn":[0.5471077832],"iteration":370,"passed_time":114.5617724,"remaining_time":194.2300669},
{"learn":[0.54708221],"iteration":371,"passed_time":114.8786328,"remaining_time":193.9348963},
{"learn":[0.5470623035],"iteration":372,"passed_time":115.1817914,"remaining_time":193.6165769},
{"learn":[0.5470483946],"iteration":373,"passed_time":115.4660757,"remaining_time":193.266747},
{"learn":[0.5470279576],"iteration":374,"passed_time":115.7381066,"remaining_time":192.8968443},
{"learn":[0.5470154977],"iteration":375,"passed_time":116.0240199,"remaining_time":192.5505011},
{"learn":[0.5470021553],"iteration":376,"passed_time":116.3008439,"remaining_time":192.1894582},
{"learn":[0.5469866274],"iteration":377,"passed_time":116.5747637,"remaining_time":191.824082},
{"learn":[0.5469683571],"iteration":378,"passed_time":116.8869425,"remaining_time":191.5218768},
{"learn":[0.5469416825],"iteration":379,"passed_time":117.2086621,"remaining_time":191.2351855},
{"learn":[0.5469188343],"iteration":380,"passed_time":117.5009918,"remaining_time":190.9005615},
{"learn":[0.5469074087],"iteration":381,"passed_time":117.8407909,"remaining_time":190.6429549},
{"learn":[0.5468856018],"iteration":382,"passed_time":118.1058763,"remaining_time":190.2645579},
{"learn":[0.5468615893],"iteration":383,"passed_time":118.4365063,"remaining_time":189.9918955},
{"learn":[0.5468261273],"iteration":384,"passed_time":118.7754424,"remaining_time":189.7322002},
{"learn":[0.5468088023],"iteration":385,"passed_time":119.073863,"remaining_time":189.4076474},
{"learn":[0.5467823811],"iteration":386,"passed_time":119.3454648,"remaining_time":189.0407492},
{"learn":[0.5467505124],"iteration":387,"passed_time":119.6530413,"remaining_time":188.7310858},
{"learn":[0.5467314972],"iteration":388,"passed_time":120.0056377,"remaining_time":188.4921456},
{"learn":[0.5466935118],"iteration":389,"passed_time":120.3380212,"remaining_time":188.2210074},
{"learn":[0.5466787537],"iteration":390,"passed_time":120.6415954,"remaining_time":187.9046844},
{"learn":[0.5466643086],"iteration":391,"passed_time":120.9579651,"remaining_time":187.6082724},
{"learn":[0.5466448708],"iteration":392,"passed_time":121.245668,"remaining_time":187.2674822},
{"learn":[0.5466206805],"iteration":393,"passed_time":121.5609964,"remaining_time":186.9694513},
{"learn":[0.5465877177],"iteration":394,"passed_time":121.8988515,"remaining_time":186.7058358},
{"learn":[0.5465735354],"iteration":395,"passed_time":122.2097554,"remaining_time":186.4007381},
{"learn":[0.546566629],"iteration":396,"passed_time":122.5309036,"remaining_time":186.1111709},
{"learn":[0.5465455387],"iteration":397,"passed_time":122.8354285,"remaining_time":185.7963015},
{"learn":[0.5465301582],"iteration":398,"passed_time":123.1534724,"remaining_time":185.5018468},
{"learn":[0.5465155143],"iteration":399,"passed_time":123.5000413,"remaining_time":185.2500619},
{"learn":[0.5464900252],"iteration":400,"passed_time":123.8343788,"remaining_time":184.9795334},
{"learn":[0.5464750141],"iteration":401,"passed_time":124.2056978,"remaining_time":184.7636996},
{"learn":[0.5464549775],"iteration":402,"passed_time":124.5218085,"remaining_time":184.4653094},
{"learn":[0.5464414253],"iteration":403,"passed_time":124.8202126,"remaining_time":184.1407097},
{"learn":[0.5464193833],"iteration":404,"passed_time":125.1480014,"remaining_time":183.8594095},
{"learn":[0.5463880509],"iteration":405,"passed_time":125.4856072,"remaining_time":183.5922431},
{"learn":[0.5463695485],"iteration":406,"passed_time":125.7679935,"remaining_time":183.2442756},
{"learn":[0.5463461565],"iteration":407,"passed_time":126.0859998,"remaining_time":182.9483134},
{"learn":[0.5463323851],"iteration":408,"passed_time":126.3860561,"remaining_time":182.6263059},
{"learn":[0.5463074417],"iteration":409,"passed_time":126.6953597,"remaining_time":182.3177128},
{"learn":[0.5462899068],"iteration":410,"passed_time":126.9942655,"remaining_time":181.994215},
{"learn":[0.5462779413],"iteration":411,"passed_time":127.2842647,"remaining_time":181.6581254},
{"learn":[0.5462588041],"iteration":412,"passed_time":127.6127764,"remaining_time":181.3769969},
{"learn":[0.5462436232],"iteration":413,"passed_time":127.9253405,"remaining_time":181.0730665},
{"learn":[0.5462200082],"iteration":414,"passed_time":128.2515395,"remaining_time":180.7883147},
{"learn":[0.5461763324],"iteration":415,"passed_time":128.5817378,"remaining_time":180.5089781},
{"learn":[0.546159062],"iteration":416,"passed_time":128.8636554,"remaining_time":180.1618971},
{"learn":[0.5461437687],"iteration":417,"passed_time":129.1694131,"remaining_time":179.8483216},
{"learn":[0.5461145812],"iteration":418,"passed_time":129.5004078,"remaining_time":179.5697778},
{"learn":[0.5460991683],"iteration":419,"passed_time":129.7900502,"remaining_time":179.2338789},
{"learn":[0.5460745899],"iteration":420,"passed_time":130.0888863,"remaining_time":178.9108436},
{"learn":[0.5460462411],"iteration":421,"passed_time":130.4488451,"remaining_time":178.6716409},
{"learn":[0.5460246543],"iteration":422,"passed_time":130.7156194,"remaining_time":178.3047574},
{"learn":[0.5460009294],"iteration":423,"passed_time":131.0498428,"remaining_time":178.0299751},
{"learn":[0.5459923278],"iteration":424,"passed_time":131.3516573,"remaining_time":177.7110658},
{"learn":[0.5459721822],"iteration":425,"passed_time":131.6570129,"remaining_time":177.397008},
{"learn":[0.5459583579],"iteration":426,"passed_time":131.9616547,"remaining_time":177.0820331},
{"learn":[0.5459285049],"iteration":427,"passed_time":132.2935119,"remaining_time":176.8034785},
{"learn":[0.5459155897],"iteration":428,"passed_time":132.6071979,"remaining_time":176.5004895},
{"learn":[0.5459048136],"iteration":429,"passed_time":132.9447183,"remaining_time":176.2290452},
{"learn":[0.5458861728],"iteration":430,"passed_time":133.2207652,"remaining_time":175.8761378},
{"learn":[0.5458622718],"iteration":431,"passed_time":133.5415927,"remaining_time":175.5824645},
{"learn":[0.5458493665],"iteration":432,"passed_time":133.8542134,"remaining_time":175.2779192},
{"learn":[0.5458298305],"iteration":433,"passed_time":134.14585,"remaining_time":174.9459703},
{"learn":[0.5458053934],"iteration":434,"passed_time":134.4430904,"remaining_time":174.6214853},
{"learn":[0.5457864641],"iteration":435,"passed_time":134.76199,"remaining_time":174.325143},
{"learn":[0.5457548541],"iteration":436,"passed_time":135.0979662,"remaining_time":174.0506979},
{"learn":[0.545730576],"iteration":437,"passed_time":135.372416,"remaining_time":173.6970269},
{"learn":[0.5457228916],"iteration":438,"passed_time":135.6225433,"remaining_time":173.312635},
{"learn":[0.5457022869],"iteration":439,"passed_time":135.9404501,"remaining_time":173.0151183},
{"learn":[0.5456917506],"iteration":440,"passed_time":136.2571561,"remaining_time":172.715987},
{"learn":[0.5456821781],"iteration":441,"passed_time":136.5463683,"remaining_time":172.3820668},
{"learn":[0.5456609878],"iteration":442,"passed_time":136.8889437,"remaining_time":172.1154439},
{"learn":[0.5456500096],"iteration":443,"passed_time":137.2306241,"remaining_time":171.8473581},
{"learn":[0.5456220407],"iteration":444,"passed_time":137.5643528,"remaining_time":171.5690242},
{"learn":[0.5456062353],"iteration":445,"passed_time":137.861957,"remaining_time":171.2455699},
{"learn":[0.5455881501],"iteration":446,"passed_time":138.1842587,"remaining_time":170.9527853},
{"learn":[0.5455643699],"iteration":447,"passed_time":138.5044158,"remaining_time":170.6572266},
{"learn":[0.5455512746],"iteration":448,"passed_time":138.7891988,"remaining_time":170.3181482},
{"learn":[0.5455336413],"iteration":449,"passed_time":139.1254739,"remaining_time":170.0422459},
{"learn":[0.5455098359],"iteration":450,"passed_time":139.4178747,"remaining_time":169.7126679},
{"learn":[0.5454589393],"iteration":451,"passed_time":139.7566183,"remaining_time":169.4394399},
{"learn":[0.5454385061],"iteration":452,"passed_time":140.0502227,"remaining_time":169.1114169},
{"learn":[0.5453964277],"iteration":453,"passed_time":140.3639578,"remaining_time":168.8077554},
{"learn":[0.5453779589],"iteration":454,"passed_time":140.6751953,"remaining_time":168.5010581},
{"learn":[0.5453654466],"iteration":455,"passed_time":141.0067141,"remaining_time":168.2185362},
{"learn":[0.545335503],"iteration":456,"passed_time":141.3174401,"remaining_time":167.9110941},
{"learn":[0.5453227868],"iteration":457,"passed_time":141.5851944,"remaining_time":167.5527846},
{"learn":[0.5453045847],"iteration":458,"passed_time":141.8889306,"remaining_time":167.2372798},
{"learn":[0.5452759076],"iteration":459,"passed_time":142.2213156,"remaining_time":166.9554574},
{"learn":[0.5452620618],"iteration":460,"passed_time":142.5297147,"remaining_time":166.6453714},
{"learn":[0.5452383068],"iteration":461,"passed_time":142.8264181,"remaining_time":166.321673},
{"learn":[0.5452165826],"iteration":462,"passed_time":143.1118782,"remaining_time":165.9850509},
{"learn":[0.5452009833],"iteration":463,"passed_time":143.4298145,"remaining_time":165.6861651},
{"learn":[0.545184975],"iteration":464,"passed_time":143.7659196,"remaining_time":165.4081011},
{"learn":[0.5451711496],"iteration":465,"passed_time":144.0723477,"remaining_time":165.0957804},
{"learn":[0.5451437473],"iteration":466,"passed_time":144.3628431,"remaining_time":164.7653006},
{"learn":[0.5451252328],"iteration":467,"passed_time":144.666305,"remaining_time":164.4497313},
{"learn":[0.5451148109],"iteration":468,"passed_time":144.9869581,"remaining_time":164.1536776},
{"learn":[0.545102723],"iteration":469,"passed_time":145.3063226,"remaining_time":163.8560659},
{"learn":[0.5450654661],"iteration":470,"passed_time":145.6453185,"remaining_time":163.5804108},
{"learn":[0.5450303125],"iteration":471,"passed_time":145.9446991,"remaining_time":163.2601719},
{"learn":[0.5450137479],"iteration":472,"passed_time":146.2325694,"remaining_time":162.9271968},
{"learn":[0.5449858995],"iteration":473,"passed_time":146.5202822,"remaining_time":162.5942372},
{"learn":[0.5449500671],"iteration":474,"passed_time":146.8629006,"remaining_time":162.3221533},
{"learn":[0.5449357318],"iteration":475,"passed_time":147.1729749,"remaining_time":162.0139471},
{"learn":[0.5449014453],"iteration":476,"passed_time":147.5362971,"remaining_time":161.7641161},
{"learn":[0.5448816948],"iteration":477,"passed_time":147.823491,"remaining_time":161.4306743},
{"learn":[0.5448584883],"iteration":478,"passed_time":148.1266103,"remaining_time":161.1147474},
{"learn":[0.5448442936],"iteration":479,"passed_time":148.4297656,"remaining_time":160.7989127},
{"learn":[0.5448055461],"iteration":480,"passed_time":148.7408491,"remaining_time":160.4916854},
{"learn":[0.5447761567],"iteration":481,"passed_time":149.0846477,"remaining_time":160.2196007},
{"learn":[0.5447530818],"iteration":482,"passed_time":149.409287,"remaining_time":159.926711},
{"learn":[0.544743722],"iteration":483,"passed_time":149.6730488,"remaining_time":159.5687876},
{"learn":[0.5447220118],"iteration":484,"passed_time":149.9923962,"remaining_time":159.2702764},
{"learn":[0.5446957483],"iteration":485,"passed_time":150.2924399,"remaining_time":158.9512636},
{"learn":[0.5446791929],"iteration":486,"passed_time":150.5964357,"remaining_time":158.6364918},
{"learn":[0.54466436],"iteration":487,"passed_time":150.9309104,"remaining_time":158.3537421},
{"learn":[0.5446425509],"iteration":488,"passed_time":151.256184,"remaining_time":158.0611657},
{"learn":[0.5446205414],"iteration":489,"passed_time":151.5625967,"remaining_time":157.7488251},
{"learn":[0.5445971753],"iteration":490,"passed_time":151.8837468,"remaining_time":157.4517864},
{"learn":[0.5445780049],"iteration":491,"passed_time":152.20995,"remaining_time":157.159867},
{"learn":[0.5445598708],"iteration":492,"passed_time":152.5514829,"remaining_time":156.8835737},
{"learn":[0.544548524],"iteration":493,"passed_time":152.8319033,"remaining_time":156.5444192},
{"learn":[0.5445251842],"iteration":494,"passed_time":153.1681715,"remaining_time":156.262478},
{"learn":[0.5445095283],"iteration":495,"passed_time":153.4787548,"remaining_time":155.9542186},
{"learn":[0.544495888],"iteration":496,"passed_time":153.7929502,"remaining_time":155.6496055},
{"learn":[0.5444636214],"iteration":497,"passed_time":154.1642127,"remaining_time":155.4024794},
{"learn":[0.5444486711],"iteration":498,"passed_time":154.4935805,"remaining_time":155.1127933},
{"learn":[0.5444209671],"iteration":499,"passed_time":154.7869318,"remaining_time":154.7869318},
{"learn":[0.5443976396],"iteration":500,"passed_time":155.0947729,"remaining_time":154.4756321},
{"learn":[0.5443691852],"iteration":501,"passed_time":155.431835,"remaining_time":154.1933343},
{"learn":[0.5443472235],"iteration":502,"passed_time":155.754518,"remaining_time":153.8966113},
{"learn":[0.5443273744],"iteration":503,"passed_time":156.0891457,"remaining_time":153.6115402},
{"learn":[0.5443070296],"iteration":504,"passed_time":156.4158025,"remaining_time":153.3184598},
{"learn":[0.5442865887],"iteration":505,"passed_time":156.7103625,"remaining_time":152.9939112},
{"learn":[0.5442729298],"iteration":506,"passed_time":157.0413007,"remaining_time":152.7048546},
{"learn":[0.5442433703],"iteration":507,"passed_time":157.3584695,"remaining_time":152.4022972},
{"learn":[0.5442186669],"iteration":508,"passed_time":157.6492682,"remaining_time":152.074245},
{"learn":[0.5442068709],"iteration":509,"passed_time":157.9412932,"remaining_time":151.747517},
{"learn":[0.5441779523],"iteration":510,"passed_time":158.2493288,"remaining_time":151.4362462},
{"learn":[0.5441480812],"iteration":511,"passed_time":158.5688699,"remaining_time":151.1359541},
{"learn":[0.5441166652],"iteration":512,"passed_time":158.8995897,"remaining_time":150.8461992},
{"learn":[0.5441007506],"iteration":513,"passed_time":159.1933276,"remaining_time":150.5213176},
{"learn":[0.5440584548],"iteration":514,"passed_time":159.5310932,"remaining_time":150.2380198},
{"learn":[0.544036124],"iteration":515,"passed_time":159.8494881,"remaining_time":149.9363416},
{"learn":[0.5440197386],"iteration":516,"passed_time":160.1498238,"remaining_time":149.6177271},
{"learn":[0.5439876123],"iteration":517,"passed_time":160.4848774,"remaining_time":149.3314882},
{"learn":[0.5439745539],"iteration":518,"passed_time":160.7503044,"remaining_time":148.9805326},
{"learn":[0.5439518599],"iteration":519,"passed_time":161.0393488,"remaining_time":148.6517066},
{"learn":[0.5439348367],"iteration":520,"passed_time":161.335447,"remaining_time":148.3295185},
{"learn":[0.543920525],"iteration":521,"passed_time":161.6585154,"remaining_time":148.0321272},
{"learn":[0.5439073442],"iteration":522,"passed_time":161.9633613,"remaining_time":147.7180179},
{"learn":[0.5438944508],"iteration":523,"passed_time":162.2808444,"remaining_time":147.4154235},
{"learn":[0.5438658104],"iteration":524,"passed_time":162.5932084,"remaining_time":147.1081409},
{"learn":[0.5438462723],"iteration":525,"passed_time":162.8709985,"remaining_time":146.769683},
{"learn":[0.5438150376],"iteration":526,"passed_time":163.1863042,"remaining_time":146.4651269},
{"learn":[0.543787805],"iteration":527,"passed_time":163.4906986,"remaining_time":146.1507761},
{"learn":[0.5437559168],"iteration":528,"passed_time":163.831905,"remaining_time":145.8692386},
{"learn":[0.5437296259],"iteration":529,"passed_time":164.1780227,"remaining_time":145.5918314},
{"learn":[0.5437086454],"iteration":530,"passed_time":164.4464308,"remaining_time":145.2455293},
{"learn":[0.5436904855],"iteration":531,"passed_time":164.7558983,"remaining_time":144.9356398},
{"learn":[0.5436542439],"iteration":532,"passed_time":165.066183,"remaining_time":144.626468},
{"learn":[0.543633018],"iteration":533,"passed_time":165.3871698,"remaining_time":144.3266313},
{"learn":[0.5436215282],"iteration":534,"passed_time":165.6922142,"remaining_time":144.0128591},
{"learn":[0.5436008825],"iteration":535,"passed_time":165.9910065,"remaining_time":143.6937071},
{"learn":[0.5435909995],"iteration":536,"passed_time":166.292481,"remaining_time":143.3769436},
{"learn":[0.5435574046],"iteration":537,"passed_time":166.6329599,"remaining_time":143.0937314},
{"learn":[0.5435416491],"iteration":538,"passed_time":166.9782629,"remaining_time":142.8144327},
{"learn":[0.5435117798],"iteration":539,"passed_time":167.3109786,"remaining_time":142.5241669},
{"learn":[0.5434996957],"iteration":540,"passed_time":167.6248072,"remaining_time":142.2177199},
{"learn":[0.5434768364],"iteration":541,"passed_time":167.9425064,"remaining_time":141.9145165},
{"learn":[0.5434592131],"iteration":542,"passed_time":168.2627153,"remaining_time":141.6133718},
{"learn":[0.5434400669],"iteration":543,"passed_time":168.571435,"remaining_time":141.3025264},
{"learn":[0.5434156763],"iteration":544,"passed_time":168.9132669,"remaining_time":141.0193329},
{"learn":[0.543392962],"iteration":545,"passed_time":169.2464815,"remaining_time":140.7287594},
{"learn":[0.5433793757],"iteration":546,"passed_time":169.599846,"remaining_time":140.4547171},
{"learn":[0.5433609042],"iteration":547,"passed_time":169.882167,"remaining_time":140.1217874},
{"learn":[0.5433407494],"iteration":548,"passed_time":170.1716149,"remaining_time":139.7948968},
{"learn":[0.5433160113],"iteration":549,"passed_time":170.4602799,"remaining_time":139.4675017},
{"learn":[0.5433042744],"iteration":550,"passed_time":170.7633843,"remaining_time":139.1520137},
{"learn":[0.5432812441],"iteration":551,"passed_time":171.058197,"remaining_time":138.8298411},
{"learn":[0.5432621123],"iteration":552,"passed_time":171.3738886,"remaining_time":138.5246442},
{"learn":[0.5432391314],"iteration":553,"passed_time":171.6937765,"remaining_time":138.2227876},
{"learn":[0.5432213214],"iteration":554,"passed_time":172.0087601,"remaining_time":137.9169337},
{"learn":[0.5432124239],"iteration":555,"passed_time":172.3080727,"remaining_time":137.5985329},
{"learn":[0.5431940877],"iteration":556,"passed_time":172.6412089,"remaining_time":137.3071015},
{"learn":[0.5431620001],"iteration":557,"passed_time":172.9704261,"remaining_time":137.0124164},
{"learn":[0.5431465214],"iteration":558,"passed_time":173.3240508,"remaining_time":136.736863},
{"learn":[0.543137463],"iteration":559,"passed_time":173.6553633,"remaining_time":136.4434998},
{"learn":[0.5431255709],"iteration":560,"passed_time":173.9803513,"remaining_time":136.1450521},
{"learn":[0.5430972034],"iteration":561,"passed_time":174.2959721,"remaining_time":135.8392096},
{"learn":[0.5430739199],"iteration":562,"passed_time":174.5800407,"remaining_time":135.5088415},
{"learn":[0.5430616286],"iteration":563,"passed_time":174.8759505,"remaining_time":135.1877915},
{"learn":[0.543037095],"iteration":564,"passed_time":175.1998211,"remaining_time":134.8883578},
{"learn":[0.5430195538],"iteration":565,"passed_time":175.5299742,"remaining_time":134.5936552},
{"learn":[0.5430029256],"iteration":566,"passed_time":175.8426692,"remaining_time":134.2854952},
{"learn":[0.5429824062],"iteration":567,"passed_time":176.1657631,"remaining_time":133.9852283},
{"learn":[0.5429654207],"iteration":568,"passed_time":176.4605803,"remaining_time":133.6634624},
{"learn":[0.5429526131],"iteration":569,"passed_time":176.7767478,"remaining_time":133.3578974},
{"learn":[0.5429300257],"iteration":570,"passed_time":177.1081669,"remaining_time":133.0637541},
{"learn":[0.5429148654],"iteration":571,"passed_time":177.4261176,"remaining_time":132.7594027},
{"learn":[0.5428978537],"iteration":572,"passed_time":177.7452286,"remaining_time":132.4558684},
{"learn":[0.5428785637],"iteration":573,"passed_time":178.0335616,"remaining_time":132.1294377},
{"learn":[0.5428650785],"iteration":574,"passed_time":178.2973933,"remaining_time":131.7850298},
{"learn":[0.5428507221],"iteration":575,"passed_time":178.5991604,"remaining_time":131.4688264},
{"learn":[0.5428349096],"iteration":576,"passed_time":178.9256344,"remaining_time":131.1707857},
{"learn":[0.5428171503],"iteration":577,"passed_time":179.2361311,"remaining_time":130.8609815},
{"learn":[0.542803666],"iteration":578,"passed_time":179.5588451,"remaining_time":130.5600583},
{"learn":[0.5427815149],"iteration":579,"passed_time":179.87114,"remaining_time":130.2515152},
{"learn":[0.542756139],"iteration":580,"passed_time":180.2365762,"remaining_time":129.981283},
{"learn":[0.5427459919],"iteration":581,"passed_time":180.619378,"remaining_time":129.7231959},
{"learn":[0.5427318239],"iteration":582,"passed_time":180.9064715,"remaining_time":129.3962241},
{"learn":[0.5427183928],"iteration":583,"passed_time":181.2749196,"remaining_time":129.12734},
{"learn":[0.5427079213],"iteration":584,"passed_time":181.60378,"remaining_time":128.830032},
{"learn":[0.5426801565],"iteration":585,"passed_time":181.9493938,"remaining_time":128.5444523},
{"learn":[0.5426686621],"iteration":586,"passed_time":182.2954168,"remaining_time":128.258956},
{"learn":[0.5426583741],"iteration":587,"passed_time":182.6299794,"remaining_time":127.9652237},
{"learn":[0.5426422737],"iteration":588,"passed_time":183.0120699,"remaining_time":127.7045174},
{"learn":[0.5426127897],"iteration":589,"passed_time":183.378521,"remaining_time":127.4325315},
{"learn":[0.5425921822],"iteration":590,"passed_time":183.7109937,"remaining_time":127.1367114},
{"learn":[0.5425789007],"iteration":591,"passed_time":184.0673531,"remaining_time":126.8572299},
{"learn":[0.5425658192],"iteration":592,"passed_time":184.4111406,"remaining_time":126.5688604},
{"learn":[0.5425575606],"iteration":593,"passed_time":184.71162,"remaining_time":126.2507032},
{"learn":[0.5425301841],"iteration":594,"passed_time":185.0428159,"remaining_time":125.9535133},
{"learn":[0.5425176834],"iteration":595,"passed_time":185.3700994,"remaining_time":125.6535573},
{"learn":[0.5425067942],"iteration":596,"passed_time":185.6990606,"remaining_time":125.3546423},
{"learn":[0.5424909593],"iteration":597,"passed_time":186.007095,"remaining_time":125.0415588},
{"learn":[0.5424772898],"iteration":598,"passed_time":186.3136579,"remaining_time":124.7275072},
{"learn":[0.5424612875],"iteration":599,"passed_time":186.5899778,"remaining_time":124.3933185},
{"learn":[0.5424452288],"iteration":600,"passed_time":186.9208513,"remaining_time":124.0955402},
{"learn":[0.5424336349],"iteration":601,"passed_time":187.2270444,"remaining_time":123.781335},
{"learn":[0.5424132107],"iteration":602,"passed_time":187.5332873,"remaining_time":123.4671891},
{"learn":[0.5423911877],"iteration":603,"passed_time":187.8618186,"remaining_time":123.1676824},
{"learn":[0.542377797],"iteration":604,"passed_time":188.185321,"remaining_time":122.8647964},
{"learn":[0.5423604483],"iteration":605,"passed_time":188.5220034,"remaining_time":122.5704114},
{"learn":[0.5423439516],"iteration":606,"passed_time":188.8351073,"remaining_time":122.2606214},
{"learn":[0.5423245697],"iteration":607,"passed_time":189.132283,"remaining_time":121.9405509},
{"learn":[0.542304919],"iteration":608,"passed_time":189.5084282,"remaining_time":121.6712569},
{"learn":[0.5422884355],"iteration":609,"passed_time":189.8178228,"remaining_time":121.3589359},
{"learn":[0.5422656235],"iteration":610,"passed_time":190.1672245,"remaining_time":121.0720955},
{"learn":[0.5422463662],"iteration":611,"passed_time":190.4656839,"remaining_time":120.7527539},
{"learn":[0.5422325683],"iteration":612,"passed_time":190.8246597,"remaining_time":120.4716856},
{"learn":[0.5422180275],"iteration":613,"passed_time":191.107211,"remaining_time":120.1423183},
{"learn":[0.5421959336],"iteration":614,"passed_time":191.4123485,"remaining_time":119.8272426},
{"learn":[0.5421682197],"iteration":615,"passed_time":191.7295668,"remaining_time":119.5197299},
{"learn":[0.5421464405],"iteration":616,"passed_time":192.055499,"remaining_time":119.217595},
{"learn":[0.542121715],"iteration":617,"passed_time":192.40547,"remaining_time":118.930242},
{"learn":[0.5421104005],"iteration":618,"passed_time":192.737405,"remaining_time":118.6315853},
{"learn":[0.542091566],"iteration":619,"passed_time":193.0667456,"remaining_time":118.3312312},
{"learn":[0.542081536],"iteration":620,"passed_time":193.4043585,"remaining_time":118.0358323},
{"learn":[0.542068596],"iteration":621,"passed_time":193.7398334,"remaining_time":117.7389984},
{"learn":[0.5420440058],"iteration":622,"passed_time":194.0826203,"remaining_time":117.4464653},
{"learn":[0.542024602],"iteration":623,"passed_time":194.4028427,"remaining_time":117.1401745},
{"learn":[0.5420081499],"iteration":624,"passed_time":194.692846,"remaining_time":116.8157076},
{"learn":[0.5419886118],"iteration":625,"passed_time":195.0167576,"remaining_time":116.5116092},
{"learn":[0.5419737298],"iteration":626,"passed_time":195.3532327,"remaining_time":116.2149215},
{"learn":[0.5419412478],"iteration":627,"passed_time":195.6758909,"remaining_time":115.9099226},
{"learn":[0.5419279242],"iteration":628,"passed_time":195.9559943,"remaining_time":115.5797677},
{"learn":[0.5419182145],"iteration":629,"passed_time":196.3804685,"remaining_time":115.3345609},
{"learn":[0.5419004106],"iteration":630,"passed_time":196.6947879,"remaining_time":115.0243688},
{"learn":[0.5418859669],"iteration":631,"passed_time":196.9972383,"remaining_time":114.7072527},
{"learn":[0.5418657803],"iteration":632,"passed_time":197.3499511,"remaining_time":114.419324},
{"learn":[0.5418547067],"iteration":633,"passed_time":197.7044427,"remaining_time":114.1322177},
{"learn":[0.5418277631],"iteration":634,"passed_time":198.0186373,"remaining_time":113.8217364},
{"learn":[0.5417887359],"iteration":635,"passed_time":198.3723308,"remaining_time":113.5338497},
{"learn":[0.5417733885],"iteration":636,"passed_time":198.7324511,"remaining_time":113.2494188},
{"learn":[0.5417543735],"iteration":637,"passed_time":199.0780037,"remaining_time":112.9564848},
{"learn":[0.5417363309],"iteration":638,"passed_time":199.3952224,"remaining_time":112.6473792},
{"learn":[0.5417210516],"iteration":639,"passed_time":199.6904004,"remaining_time":112.3258502},
{"learn":[0.5417083586],"iteration":640,"passed_time":199.9933455,"remaining_time":112.0087536},
{"learn":[0.5416934916],"iteration":641,"passed_time":200.2759084,"remaining_time":111.6803352},
{"learn":[0.5416798913],"iteration":642,"passed_time":200.5561158,"remaining_time":111.3507517},
{"learn":[0.5416702298],"iteration":643,"passed_time":200.8727747,"remaining_time":111.0414717},
{"learn":[0.5416461396],"iteration":644,"passed_time":201.1784145,"remaining_time":110.7261041},
{"learn":[0.5416308809],"iteration":645,"passed_time":201.4769433,"remaining_time":110.4068699},
{"learn":[0.5416096027],"iteration":646,"passed_time":201.7783697,"remaining_time":110.0892805},
{"learn":[0.5415873371],"iteration":647,"passed_time":202.0966511,"remaining_time":109.7808969},
{"learn":[0.5415767824],"iteration":648,"passed_time":202.4169785,"remaining_time":109.4735893},
{"learn":[0.5415674082],"iteration":649,"passed_time":202.7456098,"remaining_time":109.170713},
{"learn":[0.5415524759],"iteration":650,"passed_time":203.0840452,"remaining_time":108.8730135},
{"learn":[0.5415373679],"iteration":651,"passed_time":203.4417516,"remaining_time":108.5854748},
{"learn":[0.5415139182],"iteration":652,"passed_time":203.7531673,"remaining_time":108.2731226},
{"learn":[0.5414991375],"iteration":653,"passed_time":204.0835171,"remaining_time":107.9707904},
{"learn":[0.5414753141],"iteration":654,"passed_time":204.4177285,"remaining_time":107.6704066},
{"learn":[0.5414625493],"iteration":655,"passed_time":204.7415296,"remaining_time":107.3644606},
{"learn":[0.541448564],"iteration":656,"passed_time":205.0527861,"remaining_time":107.0519111},
{"learn":[0.5414275298],"iteration":657,"passed_time":205.3491714,"remaining_time":106.7316362},
{"learn":[0.5414115938],"iteration":658,"passed_time":205.6807978,"remaining_time":106.4296693},
{"learn":[0.5413865907],"iteration":659,"passed_time":205.997386,"remaining_time":106.1198655},
{"learn":[0.5413679812],"iteration":660,"passed_time":206.330464,"remaining_time":105.8184982},
{"learn":[0.541357256],"iteration":661,"passed_time":206.6452225,"remaining_time":105.5076816},
{"learn":[0.5413358096],"iteration":662,"passed_time":206.9583447,"remaining_time":105.1960213},
{"learn":[0.5413130828],"iteration":663,"passed_time":207.2713178,"remaining_time":104.8842813},
{"learn":[0.5412994284],"iteration":664,"passed_time":207.569262,"remaining_time":104.5649666},
{"learn":[0.5412838439],"iteration":665,"passed_time":207.9353943,"remaining_time":104.2799124},
{"learn":[0.5412707475],"iteration":666,"passed_time":208.2285085,"remaining_time":103.9581609},
{"learn":[0.5412577244],"iteration":667,"passed_time":208.4947713,"remaining_time":103.6231498},
{"learn":[0.5412411418],"iteration":668,"passed_time":208.8189959,"remaining_time":103.3170219},
{"learn":[0.5412258579],"iteration":669,"passed_time":209.1077486,"remaining_time":102.9933687},
{"learn":[0.5412068686],"iteration":670,"passed_time":209.4304755,"remaining_time":102.6864775},
{"learn":[0.5412007019],"iteration":671,"passed_time":209.7426554,"remaining_time":102.3743913},
{"learn":[0.5411884453],"iteration":672,"passed_time":210.0410475,"remaining_time":102.0556055},
{"learn":[0.5411634719],"iteration":673,"passed_time":210.3786442,"remaining_time":101.7558428},
{"learn":[0.54115231],"iteration":674,"passed_time":210.6669595,"remaining_time":101.4322397},
{"learn":[0.5411384175],"iteration":675,"passed_time":210.9820782,"remaining_time":101.1215878},
{"learn":[0.5411230313],"iteration":676,"passed_time":211.303513,"remaining_time":100.813936},
{"learn":[0.5411021472],"iteration":677,"passed_time":211.6084164,"remaining_time":100.4983925},
{"learn":[0.5410891929],"iteration":678,"passed_time":211.9104878,"remaining_time":100.1815414},
{"learn":[0.5410690907],"iteration":679,"passed_time":212.2335028,"remaining_time":99.87458957},
{"learn":[0.5410512727],"iteration":680,"passed_time":212.5225483,"remaining_time":99.55167826},
{"learn":[0.541029984],"iteration":681,"passed_time":212.8532722,"remaining_time":99.24829996},
{"learn":[0.5410158361],"iteration":682,"passed_time":213.1531032,"remaining_time":98.93050324},
{"learn":[0.5409922103],"iteration":683,"passed_time":213.4748726,"remaining_time":98.62289438},
{"learn":[0.5409765608],"iteration":684,"passed_time":213.758172,"remaining_time":98.29755354},
{"learn":[0.5409632504],"iteration":685,"passed_time":214.0555304,"remaining_time":97.97877047},
{"learn":[0.5409490093],"iteration":686,"passed_time":214.3439265,"remaining_time":97.6559665},
{"learn":[0.5409335231],"iteration":687,"passed_time":214.6594981,"remaining_time":97.34558634},
{"learn":[0.5409259796],"iteration":688,"passed_time":215.0428968,"remaining_time":97.06580682},
{"learn":[0.5409030649],"iteration":689,"passed_time":215.3828035,"remaining_time":96.7661871},
{"learn":[0.5408761366],"iteration":690,"passed_time":215.7202502,"remaining_time":96.46535069},
{"learn":[0.5408433034],"iteration":691,"passed_time":216.0617263,"remaining_time":96.16620187},
{"learn":[0.5408232479],"iteration":692,"passed_time":216.4171542,"remaining_time":95.87311158},
{"learn":[0.5408102892],"iteration":693,"passed_time":216.7538885,"remaining_time":95.57159925},
{"learn":[0.5407890816],"iteration":694,"passed_time":217.1132832,"remaining_time":95.27993002},
{"learn":[0.5407794396],"iteration":695,"passed_time":217.4408018,"remaining_time":94.97414331},
{"learn":[0.5407623977],"iteration":696,"passed_time":217.7564111,"remaining_time":94.66311703},
{"learn":[0.5407432735],"iteration":697,"passed_time":218.0737819,"remaining_time":94.35283972},
{"learn":[0.5407339779],"iteration":698,"passed_time":218.3836537,"remaining_time":94.03931297},
{"learn":[0.5407138816],"iteration":699,"passed_time":218.6999432,"remaining_time":93.72854707},
{"learn":[0.5406897864],"iteration":700,"passed_time":219.0166755,"remaining_time":93.41795431},
{"learn":[0.5406661776],"iteration":701,"passed_time":219.3821952,"remaining_time":93.12805437},
{"learn":[0.5406575049],"iteration":702,"passed_time":219.6698174,"remaining_time":92.80502955},
{"learn":[0.5406429203],"iteration":703,"passed_time":220.0123155,"remaining_time":92.5051781},
{"learn":[0.5406313822],"iteration":704,"passed_time":220.3123509,"remaining_time":92.18743761},
{"learn":[0.5406223175],"iteration":705,"passed_time":220.6382729,"remaining_time":91.88052724},
{"learn":[0.5406106493],"iteration":706,"passed_time":220.9464763,"remaining_time":91.56622004},
{"learn":[0.5406046373],"iteration":707,"passed_time":221.2473245,"remaining_time":91.24889657},
{"learn":[0.5405847707],"iteration":708,"passed_time":221.5966076,"remaining_time":90.95149905},
{"learn":[0.5405689452],"iteration":709,"passed_time":221.9111812,"remaining_time":90.63977825},
{"learn":[0.5405519187],"iteration":710,"passed_time":222.2197682,"remaining_time":90.32561606},
{"learn":[0.5405378991],"iteration":711,"passed_time":222.5515733,"remaining_time":90.02086112},
{"learn":[0.5405239264],"iteration":712,"passed_time":222.8716048,"remaining_time":89.71129113},
{"learn":[0.5405137342],"iteration":713,"passed_time":223.1689189,"remaining_time":89.39259215},
{"learn":[0.5405034976],"iteration":714,"passed_time":223.497491,"remaining_time":89.08641248},
{"learn":[0.5404877464],"iteration":715,"passed_time":223.78329,"remaining_time":88.76320441},
{"learn":[0.5404710508],"iteration":716,"passed_time":224.0980741,"remaining_time":88.45154111},
{"learn":[0.5404595086],"iteration":717,"passed_time":224.4135431,"remaining_time":88.14013808},
{"learn":[0.5404455874],"iteration":718,"passed_time":224.7042627,"remaining_time":87.81905119},
{"learn":[0.5404331336],"iteration":719,"passed_time":225.0512489,"remaining_time":87.51993013},
{"learn":[0.5404226278],"iteration":720,"passed_time":225.3905582,"remaining_time":87.21770559},
{"learn":[0.5404101207],"iteration":721,"passed_time":225.6810646,"remaining_time":86.8965872},
{"learn":[0.5403884131],"iteration":722,"passed_time":225.9859244,"remaining_time":86.58105265},
{"learn":[0.5403739184],"iteration":723,"passed_time":226.2873498,"remaining_time":86.26423832},
{"learn":[0.5403595616],"iteration":724,"passed_time":226.6080078,"remaining_time":85.95476159},
{"learn":[0.5403445069],"iteration":725,"passed_time":226.9286545,"remaining_time":85.64524975},
{"learn":[0.5403264608],"iteration":726,"passed_time":227.2314006,"remaining_time":85.32898536},
{"learn":[0.5403069053],"iteration":727,"passed_time":227.560154,"remaining_time":85.02247514},
{"learn":[0.5402955669],"iteration":728,"passed_time":227.8577432,"remaining_time":84.70431879},
{"learn":[0.5402789007],"iteration":729,"passed_time":228.181417,"remaining_time":84.39586656},
{"learn":[0.5402660629],"iteration":730,"passed_time":228.493251,"remaining_time":84.08301574},
{"learn":[0.5402520494],"iteration":731,"passed_time":228.8239604,"remaining_time":83.77707839},
{"learn":[0.5402414078],"iteration":732,"passed_time":229.1185998,"remaining_time":83.45793473},
{"learn":[0.5402146799],"iteration":733,"passed_time":229.4702019,"remaining_time":83.15950098},
{"learn":[0.5401938954],"iteration":734,"passed_time":229.8043688,"remaining_time":82.85463637},
{"learn":[0.5401791041],"iteration":735,"passed_time":230.104302,"remaining_time":82.53741268},
{"learn":[0.540160711],"iteration":736,"passed_time":230.4026441,"remaining_time":82.21966812},
{"learn":[0.5401430991],"iteration":737,"passed_time":230.6947806,"remaining_time":81.89977307},
{"learn":[0.5401264717],"iteration":738,"passed_time":231.0054731,"remaining_time":81.58650673},
{"learn":[0.5401136553],"iteration":739,"passed_time":231.2752695,"remaining_time":81.25887847},
{"learn":[0.5400889593],"iteration":740,"passed_time":231.6103529,"remaining_time":80.95422592},
{"learn":[0.5400721282],"iteration":741,"passed_time":231.8931827,"remaining_time":80.63132227},
{"learn":[0.5400549658],"iteration":742,"passed_time":232.2342619,"remaining_time":80.32867472},
{"learn":[0.5400404621],"iteration":743,"passed_time":232.5492979,"remaining_time":80.01696271},
{"learn":[0.540023201],"iteration":744,"passed_time":232.8676446,"remaining_time":79.706375},
{"learn":[0.5399993555],"iteration":745,"passed_time":233.2141095,"remaining_time":79.40534023},
{"learn":[0.5399926667],"iteration":746,"passed_time":233.5171163,"remaining_time":79.08946509},
{"learn":[0.5399780849],"iteration":747,"passed_time":233.8287113,"remaining_time":78.77651772},
{"learn":[0.5399617302],"iteration":748,"passed_time":234.1186879,"remaining_time":78.45632933},
{"learn":[0.539944087],"iteration":749,"passed_time":234.4511879,"remaining_time":78.15039598},
{"learn":[0.5399288671],"iteration":750,"passed_time":234.7562776,"remaining_time":77.83530374},
{"learn":[0.5399158333],"iteration":751,"passed_time":235.0599491,"remaining_time":77.51977045},
{"learn":[0.539895333],"iteration":752,"passed_time":235.3764785,"remaining_time":77.20848632},
{"learn":[0.539876124],"iteration":753,"passed_time":235.7058951,"remaining_time":76.90139284},
{"learn":[0.5398651369],"iteration":754,"passed_time":236.0360362,"remaining_time":76.59447534},
{"learn":[0.5398465629],"iteration":755,"passed_time":236.3619659,"remaining_time":76.28613713},
{"learn":[0.5398390658],"iteration":756,"passed_time":236.654951,"remaining_time":75.96717714},
{"learn":[0.5398230435],"iteration":757,"passed_time":236.9611084,"remaining_time":75.65249108},
{"learn":[0.539804654],"iteration":758,"passed_time":237.2637968,"remaining_time":75.33672598},
{"learn":[0.5397885549],"iteration":759,"passed_time":237.5761464,"remaining_time":75.02404624},
{"learn":[0.5397644127],"iteration":760,"passed_time":237.9023697,"remaining_time":74.71572451},
{"learn":[0.5397538059],"iteration":761,"passed_time":238.1897859,"remaining_time":74.39523495},
{"learn":[0.5397411856],"iteration":762,"passed_time":238.4742788,"remaining_time":74.07392408},
{"learn":[0.5397302998],"iteration":763,"passed_time":238.7636453,"remaining_time":73.75421503},
{"learn":[0.5397072113],"iteration":764,"passed_time":239.0831756,"remaining_time":73.44385133},
{"learn":[0.5396890829],"iteration":765,"passed_time":239.3970752,"remaining_time":73.13174361},
{"learn":[0.5396687197],"iteration":766,"passed_time":239.7363975,"remaining_time":72.82735413},
{"learn":[0.5396397688],"iteration":767,"passed_time":240.10595,"remaining_time":72.53200571},
{"learn":[0.5396179999],"iteration":768,"passed_time":240.3977861,"remaining_time":72.2131191},
{"learn":[0.5395985666],"iteration":769,"passed_time":240.7161996,"remaining_time":71.90224143},
{"learn":[0.5395874545],"iteration":770,"passed_time":241.0087436,"remaining_time":71.58366057},
{"learn":[0.5395724758],"iteration":771,"passed_time":241.3058283,"remaining_time":71.26648815},
{"learn":[0.5395587158],"iteration":772,"passed_time":241.628904,"remaining_time":70.95700027},
{"learn":[0.5395395955],"iteration":773,"passed_time":241.957596,"remaining_time":70.64911718},
{"learn":[0.5395218622],"iteration":774,"passed_time":242.2895895,"remaining_time":70.34213888},
{"learn":[0.5395017336],"iteration":775,"passed_time":242.6188964,"remaining_time":70.03432061},
{"learn":[0.5394828273],"iteration":776,"passed_time":242.9458679,"remaining_time":69.72577675},
{"learn":[0.5394764769],"iteration":777,"passed_time":243.2883552,"remaining_time":69.42161292},
{"learn":[0.5394652437],"iteration":778,"passed_time":243.6265649,"remaining_time":69.11613715},
{"learn":[0.5394402698],"iteration":779,"passed_time":243.9593768,"remaining_time":68.809055},
{"learn":[0.5394181426],"iteration":780,"passed_time":244.2479613,"remaining_time":68.48950515},
{"learn":[0.5394033819],"iteration":781,"passed_time":244.5856795,"remaining_time":68.18373162},
{"learn":[0.5393916541],"iteration":782,"passed_time":244.8971038,"remaining_time":67.87058943},
{"learn":[0.5393708257],"iteration":783,"passed_time":245.2203481,"remaining_time":67.56070815},
{"learn":[0.5393583062],"iteration":784,"passed_time":245.544308,"remaining_time":67.25098883},
{"learn":[0.5393446705],"iteration":785,"passed_time":245.8639672,"remaining_time":66.94006232},
{"learn":[0.5393344135],"iteration":786,"passed_time":246.1489812,"remaining_time":66.61973696},
{"learn":[0.5393149358],"iteration":787,"passed_time":246.4562155,"remaining_time":66.3054793},
{"learn":[0.5393065624],"iteration":788,"passed_time":246.7659513,"remaining_time":65.99190839},
{"learn":[0.5392887836],"iteration":789,"passed_time":247.0680995,"remaining_time":65.67633025},
{"learn":[0.5392675547],"iteration":790,"passed_time":247.3771471,"remaining_time":65.36260904},
{"learn":[0.5392559946],"iteration":791,"passed_time":247.7109703,"remaining_time":65.05540634},
{"learn":[0.5392446773],"iteration":792,"passed_time":248.0017712,"remaining_time":64.73690623},
{"learn":[0.5392327981],"iteration":793,"passed_time":248.2916048,"remaining_time":64.41822493},
{"learn":[0.5392154361],"iteration":794,"passed_time":248.587085,"remaining_time":64.10107224},
{"learn":[0.5392024143],"iteration":795,"passed_time":248.8601858,"remaining_time":63.77823857},
{"learn":[0.5391862222],"iteration":796,"passed_time":249.2076301,"remaining_time":63.47446539},
{"learn":[0.539159536],"iteration":797,"passed_time":249.5201548,"remaining_time":63.16174343},
{"learn":[0.539144754],"iteration":798,"passed_time":249.8320697,"remaining_time":62.84886859},
{"learn":[0.5391350488],"iteration":799,"passed_time":250.1470976,"remaining_time":62.5367744},
{"learn":[0.5391282123],"iteration":800,"passed_time":250.4605434,"remaining_time":62.22427982},
{"learn":[0.5391135576],"iteration":801,"passed_time":250.7568141,"remaining_time":61.90754264},
{"learn":[0.5391014111],"iteration":802,"passed_time":251.0663939,"remaining_time":61.59412153},
{"learn":[0.5390869508],"iteration":803,"passed_time":251.4265217,"remaining_time":61.29303266},
{"learn":[0.5390586505],"iteration":804,"passed_time":251.8096467,"remaining_time":60.99736782},
{"learn":[0.539046148],"iteration":805,"passed_time":252.1064529,"remaining_time":60.6807095},
{"learn":[0.5390282836],"iteration":806,"passed_time":252.4494745,"remaining_time":60.37515314},
{"learn":[0.5390205281],"iteration":807,"passed_time":252.78411,"remaining_time":60.06751129},
{"learn":[0.539003546],"iteration":808,"passed_time":253.0730224,"remaining_time":59.74900777},
{"learn":[0.5389876303],"iteration":809,"passed_time":253.3947321,"remaining_time":59.43827049},
{"learn":[0.538978955],"iteration":810,"passed_time":253.6831766,"remaining_time":59.11975385},
{"learn":[0.5389663305],"iteration":811,"passed_time":254.0160384,"remaining_time":58.81159509},
{"learn":[0.5389550714],"iteration":812,"passed_time":254.320603,"remaining_time":58.49686687},
{"learn":[0.5389399023],"iteration":813,"passed_time":254.6066261,"remaining_time":58.17792685},
{"learn":[0.5389153682],"iteration":814,"passed_time":254.9772325,"remaining_time":57.8782675},
{"learn":[0.5388946486],"iteration":815,"passed_time":255.28448,"remaining_time":57.56414745},
{"learn":[0.5388741489],"iteration":816,"passed_time":255.5890042,"remaining_time":57.24943423},
{"learn":[0.538867065],"iteration":817,"passed_time":255.8914488,"remaining_time":56.93428324},
{"learn":[0.5388493753],"iteration":818,"passed_time":256.2193422,"remaining_time":56.62478748},
{"learn":[0.5388356581],"iteration":819,"passed_time":256.5433293,"remaining_time":56.31438936},
{"learn":[0.538820266],"iteration":820,"passed_time":256.8594883,"remaining_time":56.00225141},
{"learn":[0.5388038132],"iteration":821,"passed_time":257.1469141,"remaining_time":55.68388165},
{"learn":[0.5387933837],"iteration":822,"passed_time":257.4718021,"remaining_time":55.37364394},
{"learn":[0.5387808654],"iteration":823,"passed_time":257.7840449,"remaining_time":55.06066978},
{"learn":[0.538771036],"iteration":824,"passed_time":258.1198969,"remaining_time":54.75270541},
{"learn":[0.5387574248],"iteration":825,"passed_time":258.4699237,"remaining_time":54.44765948},
{"learn":[0.5387392256],"iteration":826,"passed_time":258.8135739,"remaining_time":54.14117084},
{"learn":[0.5387258631],"iteration":827,"passed_time":259.1124724,"remaining_time":53.8252962},
{"learn":[0.5387040465],"iteration":828,"passed_time":259.4335259,"remaining_time":53.51403248},
{"learn":[0.5386937269],"iteration":829,"passed_time":259.730202,"remaining_time":53.19775222},
{"learn":[0.5386839273],"iteration":830,"passed_time":260.0372247,"remaining_time":52.88362332},
{"learn":[0.5386694628],"iteration":831,"passed_time":260.3507211,"remaining_time":52.57081869},
{"learn":[0.5386561475],"iteration":832,"passed_time":260.6737462,"remaining_time":52.25992271},
{"learn":[0.5386422257],"iteration":833,"passed_time":261.0091722,"remaining_time":51.95146594},
{"learn":[0.5386234544],"iteration":834,"passed_time":261.3028692,"remaining_time":51.6346987},
{"learn":[0.5386089977],"iteration":835,"passed_time":261.6084418,"remaining_time":51.32031632},
{"learn":[0.5385939081],"iteration":836,"passed_time":261.9064981,"remaining_time":51.00449126},
{"learn":[0.538581882],"iteration":837,"passed_time":262.1943251,"remaining_time":50.68673111},
{"learn":[0.5385580828],"iteration":838,"passed_time":262.5146718,"remaining_time":50.37528266},
{"learn":[0.5385369415],"iteration":839,"passed_time":262.8364767,"remaining_time":50.0640908},
{"learn":[0.5385238426],"iteration":840,"passed_time":263.1843606,"remaining_time":49.75780421},
{"learn":[0.5385154934],"iteration":841,"passed_time":263.5420776,"remaining_time":49.45326397},
{"learn":[0.538504052],"iteration":842,"passed_time":263.8384544,"remaining_time":49.13717359},
{"learn":[0.5384909722],"iteration":843,"passed_time":264.1382021,"remaining_time":48.82175299},
{"learn":[0.5384762372],"iteration":844,"passed_time":264.4285842,"remaining_time":48.50465154},
{"learn":[0.538459647],"iteration":845,"passed_time":264.7247915,"remaining_time":48.18867364},
{"learn":[0.5384305786],"iteration":846,"passed_time":265.072088,"remaining_time":47.88197102},
{"learn":[0.5384197594],"iteration":847,"passed_time":265.3953372,"remaining_time":47.57086232},
{"learn":[0.5384101395],"iteration":848,"passed_time":265.6764122,"remaining_time":47.25222407},
{"learn":[0.5383941802],"iteration":849,"passed_time":266.0186282,"remaining_time":46.94446379},
{"learn":[0.5383773579],"iteration":850,"passed_time":266.3047196,"remaining_time":46.6267958},
{"learn":[0.5383620107],"iteration":851,"passed_time":266.7478704,"remaining_time":46.33648453},
{"learn":[0.5383498769],"iteration":852,"passed_time":267.1418682,"remaining_time":46.03734423},
{"learn":[0.5383359029],"iteration":853,"passed_time":267.4482308,"remaining_time":45.72299965},
{"learn":[0.5383267047],"iteration":854,"passed_time":267.7361402,"remaining_time":45.40554425},
{"learn":[0.538298431],"iteration":855,"passed_time":268.1099751,"remaining_time":45.10261263},
{"learn":[0.5382840118],"iteration":856,"passed_time":268.4443052,"remaining_time":44.79292374},
{"learn":[0.5382669958],"iteration":857,"passed_time":268.8007711,"remaining_time":44.48684091},
{"learn":[0.5382492623],"iteration":858,"passed_time":269.0908565,"remaining_time":44.16974478},
{"learn":[0.5382312082],"iteration":859,"passed_time":269.3940406,"remaining_time":43.85484382},
{"learn":[0.5382215036],"iteration":860,"passed_time":269.7104421,"remaining_time":43.54210389},
{"learn":[0.5382145422],"iteration":861,"passed_time":270.0032671,"remaining_time":43.22558104},
{"learn":[0.5381943077],"iteration":862,"passed_time":270.2992711,"remaining_time":42.90961778},
{"learn":[0.5381750944],"iteration":863,"passed_time":270.606242,"remaining_time":42.59542698},
{"learn":[0.5381653421],"iteration":864,"passed_time":270.934636,"remaining_time":42.28459637},
{"learn":[0.5381333918],"iteration":865,"passed_time":271.3078908,"remaining_time":41.98066671},
{"learn":[0.5381203322],"iteration":866,"passed_time":271.5734804,"remaining_time":41.66006101},
{"learn":[0.5381070217],"iteration":867,"passed_time":271.9000066,"remaining_time":41.34884893},
{"learn":[0.5380892219],"iteration":868,"passed_time":272.2243211,"remaining_time":41.0372682},
{"learn":[0.5380729258],"iteration":869,"passed_time":272.5314568,"remaining_time":40.72309125},
{"learn":[0.5380622981],"iteration":870,"passed_time":272.8384214,"remaining_time":40.40890512},
{"learn":[0.5380470103],"iteration":871,"passed_time":273.1644877,"remaining_time":40.09753948},
{"learn":[0.5380313928],"iteration":872,"passed_time":273.4975859,"remaining_time":39.78716313},
{"learn":[0.5380060754],"iteration":873,"passed_time":273.8195851,"remaining_time":39.47513469},
{"learn":[0.5379931846],"iteration":874,"passed_time":274.1097164,"remaining_time":39.15853091},
{"learn":[0.5379852779],"iteration":875,"passed_time":274.4196179,"remaining_time":38.8447861},
{"learn":[0.5379614811],"iteration":876,"passed_time":274.7777364,"remaining_time":38.53781251},
{"learn":[0.5379507393],"iteration":877,"passed_time":275.1062095,"remaining_time":38.22660315},
{"learn":[0.5379377954],"iteration":878,"passed_time":275.4005918,"remaining_time":37.91066166},
{"learn":[0.537922321],"iteration":879,"passed_time":275.702607,"remaining_time":37.59581005},
{"learn":[0.5379088574],"iteration":880,"passed_time":276.0070218,"remaining_time":37.28131168},
{"learn":[0.5378935579],"iteration":881,"passed_time":276.3434847,"remaining_time":36.9711238},
{"learn":[0.5378744375],"iteration":882,"passed_time":276.6965278,"remaining_time":36.66307334},
{"learn":[0.5378564547],"iteration":883,"passed_time":277.024632,"remaining_time":36.35164855},
{"learn":[0.5378477335],"iteration":884,"passed_time":277.334425,"remaining_time":36.03780664},
{"learn":[0.5378346346],"iteration":885,"passed_time":277.6708983,"remaining_time":35.72740678},
{"learn":[0.537812637],"iteration":886,"passed_time":277.9911558,"remaining_time":35.4148823},
{"learn":[0.5377988294],"iteration":887,"passed_time":278.2813863,"remaining_time":35.09855323},
{"learn":[0.5377796091],"iteration":888,"passed_time":278.5783673,"remaining_time":34.78312572},
{"learn":[0.5377621278],"iteration":889,"passed_time":278.9053534,"remaining_time":34.47144818},
{"learn":[0.5377473484],"iteration":890,"passed_time":279.2204445,"remaining_time":34.15828108},
{"learn":[0.5377319436],"iteration":891,"passed_time":279.5501572,"remaining_time":33.84688002},
{"learn":[0.5377203512],"iteration":892,"passed_time":279.8397994,"remaining_time":33.53063665},
{"learn":[0.5377115886],"iteration":893,"passed_time":280.1431302,"remaining_time":33.21607584},
{"learn":[0.537696976],"iteration":894,"passed_time":280.4729953,"remaining_time":32.90465308},
{"learn":[0.5376843392],"iteration":895,"passed_time":280.7867552,"remaining_time":32.5913198},
{"learn":[0.5376705048],"iteration":896,"passed_time":281.1011027,"remaining_time":32.27805304},
{"learn":[0.5376553179],"iteration":897,"passed_time":281.4063728,"remaining_time":31.96375281},
{"learn":[0.5376485499],"iteration":898,"passed_time":281.7130242,"remaining_time":31.64962786},
{"learn":[0.5376382618],"iteration":899,"passed_time":282.0412025,"remaining_time":31.33791138},
{"learn":[0.5376195467],"iteration":900,"passed_time":282.4158196,"remaining_time":31.03126097},
{"learn":[0.5376124922],"iteration":901,"passed_time":282.7556257,"remaining_time":30.72067773},
{"learn":[0.5375973872],"iteration":902,"passed_time":283.0740046,"remaining_time":30.40772807},
{"learn":[0.5375872816],"iteration":903,"passed_time":283.4192182,"remaining_time":30.09761609},
{"learn":[0.5375698474],"iteration":904,"passed_time":283.7068971,"remaining_time":29.78138699},
{"learn":[0.5375552909],"iteration":905,"passed_time":283.9668829,"remaining_time":29.46234768},
{"learn":[0.5375360109],"iteration":906,"passed_time":284.2873307,"remaining_time":29.1496381},
{"learn":[0.5375255007],"iteration":907,"passed_time":284.5946004,"remaining_time":28.83557625},
{"learn":[0.5375106355],"iteration":908,"passed_time":284.9060126,"remaining_time":28.52194406},
{"learn":[0.5375031345],"iteration":909,"passed_time":285.2396884,"remaining_time":28.21051863},
{"learn":[0.5374891825],"iteration":910,"passed_time":285.5485887,"remaining_time":27.89662392},
{"learn":[0.5374696776],"iteration":911,"passed_time":285.8938855,"remaining_time":27.58625211},
{"learn":[0.5374606268],"iteration":912,"passed_time":286.2194464,"remaining_time":27.27392315},
{"learn":[0.5374340815],"iteration":913,"passed_time":286.5141858,"remaining_time":26.95866518},
{"learn":[0.5374248862],"iteration":914,"passed_time":286.8346349,"remaining_time":26.6458404},
{"learn":[0.537414641],"iteration":915,"passed_time":287.1316398,"remaining_time":26.33084906},
{"learn":[0.5373944276],"iteration":916,"passed_time":287.4456176,"remaining_time":26.01743322},
{"learn":[0.5373723254],"iteration":917,"passed_time":287.7881957,"remaining_time":25.70657086},
{"learn":[0.5373640973],"iteration":918,"passed_time":288.1281588,"remaining_time":25.39540899},
{"learn":[0.537341554],"iteration":919,"passed_time":288.4281989,"remaining_time":25.08071295},
{"learn":[0.5373256362],"iteration":920,"passed_time":288.7724622,"remaining_time":24.76984203},
{"learn":[0.537308328],"iteration":921,"passed_time":289.1216835,"remaining_time":24.45931813},
{"learn":[0.5372922648],"iteration":922,"passed_time":289.4629035,"remaining_time":24.14804287},
{"learn":[0.5372837176],"iteration":923,"passed_time":289.7779271,"remaining_time":23.83454812},
{"learn":[0.5372689023],"iteration":924,"passed_time":290.0572113,"remaining_time":23.51815227},
{"learn":[0.5372541064],"iteration":925,"passed_time":290.3835146,"remaining_time":23.20559404},
{"learn":[0.5372386442],"iteration":926,"passed_time":290.6929612,"remaining_time":22.89167871},
{"learn":[0.5372146831],"iteration":927,"passed_time":291.0102043,"remaining_time":22.57837792},
{"learn":[0.5372040803],"iteration":928,"passed_time":291.292095,"remaining_time":22.26236679},
{"learn":[0.5371850705],"iteration":929,"passed_time":291.6375193,"remaining_time":21.95121113},
{"learn":[0.5371694965],"iteration":930,"passed_time":291.9664933,"remaining_time":21.63876266},
{"learn":[0.5371456579],"iteration":931,"passed_time":292.2929776,"remaining_time":21.32609708},
{"learn":[0.5371311303],"iteration":932,"passed_time":292.580318,"remaining_time":21.0105909},
{"learn":[0.5371211713],"iteration":933,"passed_time":292.9077664,"remaining_time":20.69797921},
{"learn":[0.5371089808],"iteration":934,"passed_time":293.2061393,"remaining_time":20.3833145},
{"learn":[0.5370899296],"iteration":935,"passed_time":293.5424271,"remaining_time":20.07127707},
{"learn":[0.5370823445],"iteration":936,"passed_time":293.8585927,"remaining_time":19.75783494},
{"learn":[0.5370667146],"iteration":937,"passed_time":294.1466657,"remaining_time":19.44253014},
{"learn":[0.5370548012],"iteration":938,"passed_time":294.433804,"remaining_time":19.12722263},
{"learn":[0.5370377786],"iteration":939,"passed_time":294.769285,"remaining_time":18.81506075},
{"learn":[0.5370138986],"iteration":940,"passed_time":295.0886045,"remaining_time":18.50183599},
{"learn":[0.5370021046],"iteration":941,"passed_time":295.4247221,"remaining_time":18.18963257},
{"learn":[0.5369922399],"iteration":942,"passed_time":295.7317317,"remaining_time":17.87561899},
{"learn":[0.5369797836],"iteration":943,"passed_time":296.0401129,"remaining_time":17.56170161},
{"learn":[0.5369653982],"iteration":944,"passed_time":296.3712905,"remaining_time":17.24912273},
{"learn":[0.5369519138],"iteration":945,"passed_time":296.7084042,"remaining_time":16.93684337},
{"learn":[0.5369340782],"iteration":946,"passed_time":297.075113,"remaining_time":16.62616788},
{"learn":[0.5369203353],"iteration":947,"passed_time":297.3934364,"remaining_time":16.31272014},
{"learn":[0.536907721],"iteration":948,"passed_time":297.6776757,"remaining_time":15.99743041},
{"learn":[0.5368807232],"iteration":949,"passed_time":297.9819875,"remaining_time":15.6832625},
{"learn":[0.5368638017],"iteration":950,"passed_time":298.296214,"remaining_time":15.36962617},
{"learn":[0.5368447435],"iteration":951,"passed_time":298.5982856,"remaining_time":15.05537575},
{"learn":[0.5368167521],"iteration":952,"passed_time":298.9150447,"remaining_time":14.74187524},
{"learn":[0.536808855],"iteration":953,"passed_time":299.2608055,"remaining_time":14.4297663},
{"learn":[0.5367917161],"iteration":954,"passed_time":299.6741743,"remaining_time":14.12077261},
{"learn":[0.536778263],"iteration":955,"passed_time":299.9623954,"remaining_time":13.80580063},
{"learn":[0.5367660751],"iteration":956,"passed_time":300.2553033,"remaining_time":13.49109513},
{"learn":[0.536745564],"iteration":957,"passed_time":300.5997866,"remaining_time":13.17869628},
{"learn":[0.536732298],"iteration":958,"passed_time":300.9095994,"remaining_time":12.86474825},
{"learn":[0.536721282],"iteration":959,"passed_time":301.2262263,"remaining_time":12.55109276},
{"learn":[0.5367050914],"iteration":960,"passed_time":301.521005,"remaining_time":12.23654443},
{"learn":[0.5366889356],"iteration":961,"passed_time":301.8201008,"remaining_time":11.92220772},
{"learn":[0.5366662567],"iteration":962,"passed_time":302.1721926,"remaining_time":11.60993886},
{"learn":[0.5366518386],"iteration":963,"passed_time":302.490197,"remaining_time":11.29631441},
{"learn":[0.5366276657],"iteration":964,"passed_time":302.8544419,"remaining_time":10.984358},
{"learn":[0.5366126],"iteration":965,"passed_time":303.146154,"remaining_time":10.66974041},
{"learn":[0.5366019869],"iteration":966,"passed_time":303.4676111,"remaining_time":10.35618528},
{"learn":[0.5365871443],"iteration":967,"passed_time":303.7827007,"remaining_time":10.04240333},
{"learn":[0.5365768636],"iteration":968,"passed_time":304.0668523,"remaining_time":9.727628917},
{"learn":[0.5365485177],"iteration":969,"passed_time":304.4337021,"remaining_time":9.415475322},
{"learn":[0.5365381691],"iteration":970,"passed_time":304.7535165,"remaining_time":9.101804304},
{"learn":[0.5365262402],"iteration":971,"passed_time":305.0930546,"remaining_time":8.788688817},
{"learn":[0.5365167934],"iteration":972,"passed_time":305.4128412,"remaining_time":8.474970927},
{"learn":[0.5364896862],"iteration":973,"passed_time":305.7422929,"remaining_time":8.161498577},
{"learn":[0.5364779274],"iteration":974,"passed_time":306.0892638,"remaining_time":7.848442661},
{"learn":[0.5364626536],"iteration":975,"passed_time":306.3756003,"remaining_time":7.533826236},
{"learn":[0.5364512993],"iteration":976,"passed_time":306.659532,"remaining_time":7.21921109},
{"learn":[0.5364337066],"iteration":977,"passed_time":306.9992782,"remaining_time":6.905914234},
{"learn":[0.5364238527],"iteration":978,"passed_time":307.3125745,"remaining_time":6.591995981},
{"learn":[0.5364122046],"iteration":979,"passed_time":307.6359189,"remaining_time":6.278284059},
{"learn":[0.536400358],"iteration":980,"passed_time":307.9344278,"remaining_time":5.964071486},
{"learn":[0.5363907953],"iteration":981,"passed_time":308.2486197,"remaining_time":5.650178364},
{"learn":[0.5363686275],"iteration":982,"passed_time":308.571107,"remaining_time":5.336428096},
{"learn":[0.5363533228],"iteration":983,"passed_time":308.8934914,"remaining_time":5.022658396},
{"learn":[0.5363442303],"iteration":984,"passed_time":309.2204563,"remaining_time":4.708940959},
{"learn":[0.5363287204],"iteration":985,"passed_time":309.5113164,"remaining_time":4.394684005},
{"learn":[0.5363079621],"iteration":986,"passed_time":309.8370954,"remaining_time":4.080934387},
{"learn":[0.5362962457],"iteration":987,"passed_time":310.2028736,"remaining_time":3.767646238},
{"learn":[0.5362794559],"iteration":988,"passed_time":310.5089703,"remaining_time":3.453588143},
{"learn":[0.5362642214],"iteration":989,"passed_time":310.785233,"remaining_time":3.139244778},
{"learn":[0.5362555879],"iteration":990,"passed_time":311.1274827,"remaining_time":2.825577542},
{"learn":[0.5362398716],"iteration":991,"passed_time":311.463186,"remaining_time":2.511799887},
{"learn":[0.5362253512],"iteration":992,"passed_time":311.7838022,"remaining_time":2.197871717},
{"learn":[0.5362111086],"iteration":993,"passed_time":312.0633778,"remaining_time":1.883682361},
{"learn":[0.5361996658],"iteration":994,"passed_time":312.3597735,"remaining_time":1.569647103},
{"learn":[0.5361914297],"iteration":995,"passed_time":312.7006563,"remaining_time":1.255825929},
{"learn":[0.5361713417],"iteration":996,"passed_time":312.998548,"remaining_time":0.9418211074},
{"learn":[0.536154978],"iteration":997,"passed_time":313.3456892,"remaining_time":0.627947273},
{"learn":[0.536141609],"iteration":998,"passed_time":313.6501564,"remaining_time":0.3139641205},
{"learn":[0.5361257478],"iteration":999,"passed_time":313.9476294,"remaining_time":0}
]}